pykospacing,soyspacing
종류도 알차게 많고 다 맛있어요,종류도 알차게 많고 다 맛있어요
맛나요,맛나요
맛있어요,맛있어요
좋아요,좋아요
커피랑 브런치 크림 파스타 먹었어요 오늘 따라 파스타가 불어서 나왔더라구 요 역시 신라 커피는 맛있어 용,커피랑 브런치크림파스타 먹었어요 오늘따라 파스타가 불어서나왔더라구요 역시 신라 커피는 맛있어용
직원 분들 너무 친절하시고 음식 맛은 대한민국 호텔부페 넘버원인데 말해 뭐 해 입니다 조금씩 일찍 입장 시켜주시는 융통성도 좋아요 쬐끔 아쉬운 건 의외로 과일류 구색이 약하다는 거,직원분들 너무 친절하시고 음식맛은 대한민국 호텔부페 넘버원인데 말해뭐해 입니다 조금씩 일찍 입장 시켜주시는 융통성도 좋아요 쬐끔 아쉬운건 의외로 과일류 구색이 약하다는 거
비싸지만 좋은 곳,비싸지만 좋은곳
항상 친절하시고 음식도 맛있네요,항상 친절하시고 음식도맛있네요
디저트류가 좋았어요,디저트류가 좋았어요
가성비 짱 음식 맛이 넘 좋아요,가성비 짱 음식맛이 넘 좋아요
굿,굿
신라호텔에 오면 정말 꼭 해야 할 꿀팁 정리했습니다 1 발렛을 꼭 하세요 제휴카드가 있으면 무료지만 제휴 카드가 없더라도 33000원 결제 시 가 발렛을 해주시고요 체크인 시간 아깝고 주차장에서 왔다 갔다 짐 옮기기 어려운 모든 걸 해결할 수 있습니다 여 기 서 꿀팁은 체크아웃 전 전화로 0번 눌러서 차번호 알려주시면 미리 뺴 주십니다 일층 내려와서 차뺴 달라고 하면 1520분 걸려 요 2 신라호텔 바로 주변 택시 타고 기본요금 차로도 주차 가능한 맛집 중 맛집 신라호텔이 비싸서 가성비 혹은 멋진 공간들을 찾으신다면 을지로에 위치한 행 2PM8PM 추천 드립니다 매일 저녁 인디 가수들의 라이브 공연도 매일 하고 와인이나 맥주 술도 저렴 라자냐 파스타와 몽둥이고기가 유명한 곳이라 저녁에 코스로 들르기 좋은 곳이에요,신라호텔에 오면 정말 꼭 해야할 꿀팁 정리했습니다 1 발렛을 꼭하세요 제휴카드가 있으면 무료지만 제휴카드가 없더라도 33000원 결제시 가발렛을 해주시고요 체크인시간 아깝고 주차장에서 왔다갔다 짐옮기기 어려운 모든걸 해결할수 있습니다 여 기서 꿀팁은 체크아웃전 전화로 0번 눌러서 차번호 알려주시면 미리 뺴주십니다 일층내려와서 차뺴달라고 하면 1520분 걸려요 2 신라호텔 바로 주변 택시타고 기본요금 차로도 주차가능한 맛집 중 맛집 신라호텔이 비싸서 가성비 혹은 멋진 공간들을 찾으신다면 을지로에 위치한 행2PM8PM 추천드립니다 매일저녁 인디가수들의 라이브공연도 매일하고 와인이나 맥주 술도 저렴 라자냐파스타와 몽둥이고기가 유명한곳이라 저녁에 코스로 들르기 좋은곳이에요
네 번째 방문만에 창가 자리에서 먹게 되어서 기쁨 그리고 카페라떼 맛집,네번째 방문만에 창가자리에서 먹게 되어서 기쁨 그리고 카페라떼 맛집
굿,굿
신라호텔 파크뷰 조식 이용했습니다 11층이라 뷰도 훌륭하고 객실 컨디션이나 청결 서비스 상태 좋고 직원 분들이 매우 친절하시고 어디에나 어느 곳이든 다 상주해 계셔서 호텔 서비스 이용하는데 매우 편했습니다 물론 5성급 호텔이라서 숙박비나 발렛 파킹 비용이 비싼 편이지만 돈 쓰러오는 곳인 만큼 가치 있어요,신라호텔 파크뷰 조식 이용했습니다 11층이라 뷰도 훌륭하고 객실 컨디션이나 청결 서비스상태 좋고 직원분들이 매우 친절하시고 어디에나 어느곳이든 다 상주해계셔서 호텔 서비스 이용하는데 매우 편했습니다 물론 5성급 호텔이라서 숙박비나 발렛파킹비용이 비싼편이지만 돈쓰러오는곳인만큼 가치있어요
분위기 좋아요,분위기 좋아요
부모님 효도 여행으로 방문 신라호텔 호캉스도 시켜드리고 뷔페도 먹었는데 만족해하시더라구 요 다른 뷔페들보다 더 맛있다고 하셔서 뿌듯했습니다,부모님 효도여행으로 방문 신라호텔 호캉스도 시켜드리고 뷔페도 먹었는데 만족해하시더라구요 다른 뷔페들보다 더 맛있다고 하셔서 뿌듯했습니다
굿,굿
240218 토 너무 비쌈 애슐리 퀸즈가 짱인 듯,240218토 너무 비쌈 애슐리 퀸즈가 짱인듯
사람이 많아서 복잡하긴 하지만 맛있게 잘 먹었습니다,사람이 많아서 복잡하긴 하지만 맛있게 잘 먹었습니다
비싼 만큼 서비스와 맛이 있어요 특별한 날 부모님과 함께 오기 좋아요,비싼만큼 서비스와 맛이 있어요 특별한날 부모님과 함께 오기 좋아요
창가 자리는 보기만 하고 부스 좌석 안내받음 안락하고 좋았어요 대게는 차갑고 짜고 짜장면 도 삭면은 불어 있고 문어 숙회는 너무 안 익은 느낌 양갈비 맛있었어요 딸기 달달 한라봉 새콤달콤 약 15분 정도 일찍 입장해서 좋았지만 모든 음식 코너에 긴 줄 디저트부터 시작했네요 직원 분들 서비스가 넘 좋아서 모든 게 커버되는 거 같아요,창가자리는 보기만 하고 부스좌석 안내받음 안락하고 좋았어요 대게는 차갑고 짜고 짜장면 도삭면은 불어있고 문어숙회는 너무 안익은 느낌 양갈비 맛있었어요 딸기 달달 한라봉 새콤달콤 약 15분 정도 일찍 입장해서 좋았지만 모든 음식코너에 긴줄 디저트부터 시작했네요 직원분들 서비스가 넘 좋아서 모든게 커버되는거 같아요
가족들이랑 저녁 먹으러 갔다 왔어요 음식들이 다 맛있고 매장도 깨끗했어요,가족들이랑 저녁먹으러 갔다왔어요 음식들이 다 맛있고 매장도 깨끗했어요
맛있어오,맛있어오
평일 브런치 다녀왔는데 금요일이라 그런지 사람 엄청 많네요 대게 쯔란 양념 등 갈비 피칸파이 딸기 특히 맛있던 것 같습니다 좌석 간격이 좀 좁고 옆 좌석 이야기가 너무 잘 들리는 것은 좀 아쉬웠어요,평일 브런치 다녀왔는데 금요일이라 그런지 사람 엄청 많네요 대게 쯔란양념등갈비 피칸파이 딸기 특히 맛있던 것 같습니다 좌석 간격이 좀 좁고 옆 좌석 이야기가 너무 잘 들리는 것은 좀 아쉬웠어요
생각보다 음식이 종류가 적어서 속상해요,생각보다 음식이 종류가 적어서 속상해요
가격 대비 면 그냥 그랬음 대게로 뽕 뽑으라는데 막상 넘 차가워서 쉽게 물림 다른 것들도 하나씩 먹었는데 맛있다 정도 디카페인 바닐라 라떼 맛났음 아스크림 필수,가격대비 면 그냥 그랬음 대게로 뽕뽑으라는데 막상 넘 차가워서 쉽게 물림 다른것들도 하나씩 먹었는데 맛있다 정도 디카페인바닐라라떼 맛났음 아스크림 필수
서비스 굿,서비스 굿
신라호텔이 호텔 뷔페 중 1등이라고 생각하는데 이번에도 그 생각이 공고해졌습니다 음식 퀄리티가 최상입니다 가 짓수도 많구 요 디저트의 퀄리티도 남 다릅니다,신라호텔이 호텔 뷔페 중 1등이라고 생각하는데 이번에도 그 생각이 공고해졌습니다 음식 퀄리티가 최상입니다 가짓수도 많구요 디저트의 퀄리티도 남다릅니다
특별한 날 가 기 좋아요,특별한 날 가기 좋아요
너무 맛있고 분위기 좋습니다,너무 맛있고 분위기 좋습니다
애기가 스테이크 너무 잘 먹었어요 언제나 더 파크뷰는 흠이 없어요 친절함과 식사의 품질은 어느 곳과 비교가 되질 않아요,애기가 스테이크 너무 잘먹었어요 언제나 더파크뷰는 흠이없어요 친절함과 식사의 품질은 어느곳과 비교가되질않아요
좋아요,좋아요
여기 포함 호텔 뷔페 3곳 가 봄 여기가 직원 분들이 제일 친절하심 그런데 음식은 맛 없는 건 없었지만 특별히 엄청 맛있다고 느낀 게 없어서 아쉬웠음 그리고 좌석 배정도 랜덤이어서 나 아니어도 내가 앉은 자리를 누군가가 앉았겠지만 이 돈 내고 이런 좌석에 서 또 다시 불편하게 식사하고 싶진 않음 다른 뷔페보다 확실히 좌석이 불편함 편한 좌석도 물론 있었는데 혹시나  불편한 좌석 걸리면 옷 놓기도 애매하고 밥 먹기 좀 힘듦 기념 사진도 찍어주셨는데 조명도 별로인데다가 사진도 열심히는 찍어주셨는데 귀 신처럼 나옴 직원분이 이 상하게 나와서 한 장 더 찍자고 먼저 말씀 하실 정도였음 적으면서 다시 생각해보니 확실히 별로였네요,여기 포함 호텔뷔페 3곳 가봄 여기가 직원분들이 제일 친절하심 그런데 음식은 맛없는건 없었지만 특별히 엄청 맛있다고 느낀게 없어서 아쉬웠음 그리고 좌석 배정도 랜덤이어서 나 아니어도 내가 앉은 자리를 누군가가 앉았겠지만 이 돈 내고 이런 좌석에 서 또 다시 불편하게 식사하고 싶진 않음 다른 뷔페보다 확실히 좌석이 불편함 편한 좌석도 물론 있었는데 혹시나 불편한 좌석 걸리면 옷 놓기도 애매하고 밥 먹기 좀 힘듦 기념 사진도 찍어주셨는데 조명도 별로인데다가 사진도열심히는 찍어주셨는데 귀 신처럼 나옴직원분이 이상하게 나와서 한장 더 찍자고 먼저 말씀하실 정도였음 적으면서 다시 생각해보니 확실히 별로였네요
몇 번 갈 때 마다 늘 테이블이 협소한 게 가장 아쉽지만 22일 생일이라 디너로 갔는데 서비스도 메뉴도 대 만족 입니다,몇번 갈때 마다 늘 테이블이 협소한게 가장 아쉽지만 22일 생일이라 디너로 갔는데 서비스도 메뉴도 대만족 입니다
초밥이 입에서 녹아요,초밥이입에서녹아요
신라호텔 파크뷰 부페 맛 남캅 비싸긴 하지만 맛있게 잘 먹고 갑니다 음식이 너무 맛있어서 사진을 못 찍음 집에 가는 길에 로비 장식만 찍읍니다,신라호텔 파크뷰 부페 맛남캅 비싸긴 하지만 맛있게 잘 먹고 갑니다 음식이 너무 맛있어서 사진을 못 찍음 집에 가는 길에 로비 장식만 찍읍니다
굿,굿
너무 맛있어요,너무맛있어요
방문날 5성급 호텔 뷔페 먹는다고 좋아라 하고 갔습니다 신라호텔 입구에서 셔틀 타고 올라오면 편하고 좋더라구요 그런데 원래 이런 것인지 도 때 기 시장 같은 느낌은 뭘까요 우아하게 먹는 게 아니라 한 접시 떠와서 먹고 나면 또 가서 줄을 5분 이상 서야 했던 듯 합니다 연말 기분 내기에는 좋았고 로제 스파클링 와인은 무한으로 따라 주더라구요 음식은 신선해서 다른 뷔페보다는 먹을 만 했어요 직원분들은 엄청 차절 해요 역 쉬 호텔리어 서비스 마인드 굿 그러나 다음에는 누가 초대하면 모를까 내 돈 내산은 안 가고 싶은 곳이였습니다,방문날 5성급 호텔 뷔페 먹는다고 좋아라하고 갔습니다 신라호텔 입구에서 셔틀타고 올라오면 편하고 좋더라구요그런데 원래 이런것인지 도때기시장같은 느낌은 뭘까요 우아하게 먹는게 아니라 한접시 떠와서 먹고 나면 또 가서 줄을 5분이상 서야 했던 듯 합니다 연말기분 내기에는 좋았고 로제스파클링 와인은 무한으로 따라 주더라구요 음식은 신선해서 다른 뷔페보다는 먹을만 했어요직원분들은 엄청 차절해요 역쉬 호텔리어 서비스마인드 굿 그러나 다음에는 누가 초대하면 모를까 내돈내산은 안가고 싶은 곳이였습니다
연말에 평일 디너를 어떻게든 다녀왔었습니다 사람이 많았지만 즐거웠고 구성이 알차서 좋았어요,연말에 평일 디너를 어떻게든 다녀왔었습니다 사람이 많았지만 즐거웠고 구성이 알차서 좋았어요
분위기도 너무 좋고 음식 하나하나 다 만족해 하며 맛있게 먹고 왔습니다 샐러드 킹크랩 스 시 모든 재료가 싱싱하고 맛있습니다 고기 디저 트러버 분들 여기 무조건 추천드립니다 만족한 저녁 식사였습니다,분위기도 너무 좋고 음식 하나하나 다 만족해 하며 맛있게 먹고 왔습니다 샐러드 킹크랩 스시 모든 재료가 싱싱하고 맛있습니다 고기디저트러버 분들 여기 무조건 추천드립니다 만족한 저녁식사였습니다
연말 모임하기 좋아요 회랑 대게 디저트까지 푸짐해요,연말모임하기 좋아요 회랑 대게 디저트까지 푸짐해요
진짜 진짜 맛나게 먹고 왓습니다 또 가 고 싶네요 진짜 너무 좋앗습니다 친절함도 최고 엿 음요,진짜 진짜 맛나게 먹고 왓습니다 또 가고 싶네요 진짜 너무 좋앗습니다 친절함도 최고 엿음요
굿,굿
주차 타워에 대고 셔틀 혹은 걸어서 이동합니다 비용이 조금 세긴 하지만 디너 부 페로 오시는 거 추천하고 각자 소중한 사람들과 특별한 시간 보내기 좋습니다,주차 타워에 대고 셔틀 혹은 걸어서 이동합니다 비용이 조금 세긴 하지만 디너 부페로 오시는거 추천하고 각자 소중한 사람들과 특별한 시간 보내기 좋습니다
굿,굿
좋아요,좋아요
너무 친절 음식도 너무 맛있어 욤 역시 신라호텔 체고,너무친절 음식도 너무맛있어욤 역시 신라호텔 체고
음식이 맛있어요,음식이 맛있어요
친구들 모임으로 가서 맛있게 먹고 대접받고 왔네요 양갈비 맛있다고 하는데 전 양갈비도 좋았지만 스테이크 정말 맛 있었습니다,친구들 모임으로 가서 맛있게 먹고 대접받고 왔네요 양갈비 맛있다고 하는데 전 양갈비도 좋았지만 스테이크 정말 맛있었습니다
평일 저녁 식사하러 방문하였습니다 서울에 있는 거의 모든 호텔 뷔페는 다 가 봤지만 파크뷰 만한 곳이 없는 거 같기도 해요 덕분에 기 분 좋은 저녁 식사와 함께 즐거운 시간 보내고 왔습니다 메뉴 구성도 알차고 바로바로 내어 주시는 음식 덕분에 역시 더 파크뷰네요 하고 말 할 수잇네요,평일 저녁식사하러 방문하였습니다 서울에 있는 거의 모든호텔뷔페는 다 가봤지만 파크뷰만한곳이 없는거같기도해요 덕분에 기분좋은 저녁식사와 함께 즐거운 시간 보내고왔습니다 메뉴 구성도 알차고 바로바로 내어주시는 음식덕분에 역시 더 파크뷰네요 하고 말할수잇네요
대게와 양갈비를 먹어야 한다고 하더라구 요 전체적으로 맛있습니다 하지만 배가 불러 힘들어요,대게와 양갈비를 먹어야 한다고 하더라구요 전체적으로 맛있습니다 하지만 배가 불러 힘들어요
비싼 만큼 값어치 하는 곳 다 맛있는데 디저트 먹을 배는 꼭 남겨 두세요,비싼만큼 값어치 하는곳 다 맛있는데 디저트먹을 배는 꼭 남겨두세요
신라호텔 더파크뷰 호텔 뷔페 중에서도 음식의 퀄리티와 맛이 단연 으뜸이라 할 수 있죠 가격은 좀 있는 편이지만 기념일에 갔다 오기에 손색이 없는 구성과 친절한 서비스 이 감탄했고 음식 가짓수만 많은 게 아니라 한 메뉴 한 메뉴가 높은 품질의 식재료로 만들어졌다는 게 느껴졌어요 뷔페라고 모든 게 셀프가 아니라 충분한 스텝 인력이 배치되어 있어서 편하게 잘 이용했습 니다 더파크뷰는 앞으로도 계속 방문할 예정이에 요 한 가지 아쉬운 점은 좌석이 너무 붙어 있어서 옆 테이블 대화가 모두 들리고 privacy가 없다는 점이 조금 아쉽습니다 이 부분은 분명히 개선될 수 있는 점 같아요,신라호텔 더파크뷰 호텔 뷔페 중에서도 음식의 퀄리티와 맛이 단연 으뜸이라 할 수 있죠 가격은 좀 있는 편이지만 기념일에 갔다오기에 손색이 없는 구성과 친절한 서비스이 감탄했고 음식 가짓수만 많은게 아니라 한 메뉴 한 메뉴가 높은 품질의 식재료로 만들어졌다는게 느껴졌어요 뷔페라고 모든게 셀프가 아니라 충분한 스텝인력이 배치되어 있어서 편하게 잘 이용했습니다 더파크뷰는 앞으로도 계속 방문할 예정이에요 한가지 아쉬운 점은 좌석이 너무 붙어있어서 옆테이블 대화가 모두 들리고 privacy가 없다는 점이 조금 아쉽습니다 이 부분은 분명히 개선될 수 있는 점 같아요
좋아요,좋아요
부진 언니 잘 먹고 갑니다,부진 언니 잘 먹고 갑니다
전통의 신라 메뉴 하나하나 다 훌륭 양갈비와 안심 너무 연하고 테이블마다 나오는 스프도 맛있어요 베이커리류는 전반적으로 좀 단맛이 강함 12월부터 가격 인상해서 슬픔,전통의 신라 메뉴 하나하나 다 훌륭 양갈비와 안심 너무 연하고 테이블마다 나오는 스프도 맛있어요 베이커리류는 전반적으로 좀 단맛이 강함 12월부터 가격 인상해서 슬픔
말해 뭐 하나요 맛있는 게 너무 많아서 배가 부른 내가 싫을 정도예요,말해뭐하나요 맛있는게 너무 많아서 배가 부른 내가 싫을 정도예요
와이프 생일에 처음 가본 호텔 뷔페 최고였어요 아이를 위한 도화지와 색연필까지 감동이네요 재방문 의사 100입니다 대게랑 양갈비 안심스테이크는 사랑입니다 디저트 및 과일 모두 최고였어요,와이프 생일에 처음 가본 호텔 뷔페 최고였어요 아이를 위한 도화지와 색연필까지 감동이네요 재방문 의사 100입니다 대게랑 양갈비 안심스테이크는 사랑입니다 디저트 및 과일 모두 최고였어요
서울 3대 뷔페어서 점심 먹었는데 너무 맛있어요 중식 베이징 덕 크림새우 등 최고,서울3대뷔페어서 점심 먹었는데 너무 맛있어요 중식 베이징덕 크림새우 등 최고
다음에 또 갈거에요,다음에 또갈거에요
베스트 메뉴는 양갈비였습니 당 안심 스테이크 회 대게도 진짜 배터지게 먹었네요 그리고 딤섬류도 은 근 별미에요 막판에 배 불러서 디저트 많이 못 먹은 게 아쉽네요 신라 더 파크뷰 최고,베스트 메뉴는 양갈비였습니당 안심스테이크 회 대게도 진짜 배터지게 먹었네요 그리고 딤섬류도 은근 별미에요 막판에 배불러서 디저트 많이 못먹은게 아쉽네요 신라 더파크뷰 최고
신라신라 했어요,신라신라했어요
메뉴 구성이 알차고 맛있어요 또 가고 싶다,메뉴 구성이 알차고 맛있어요 또가고 싶다
굿,굿
역시 신라 더 파크뷰입니다 특별한 메뉴도 메뉴지만 흔한 메뉴들도 참 정갈하고 맛있어요 특별한 날 맘 먹고 가서 맛있는 밥 먹고 왔어요 자주 가기에는 부담이지만 한 번 다녀오고 나면 아주 행복합니다,역시 신라 더 파크뷰입니다 특별한 메뉴도 메뉴지만 흔한 메뉴들도 참 정갈하고 맛있어요 특별한 날 맘 먹고 가서 맛있는 밥 먹고 왔어요 자주 가기에는 부담이지만 한번 다녀오고 나면 아주 행복합니다
서비스카도 있고 주차장도 넓고 자리도 지정해줘서 좋음 계절 음식으로 깔끔하게 되어 있고 근사한 뷰 먹으면서 저녁 먹기에 추천할 곳 저녁에 가서 야경 먹으면서 음식 보자 서울의 중심지 신라호텔 재방문 의사 너무 있음,서비스카도 있고 주차장도 넓고 자리도 지정해줘서 좋음 계절음식으로 깔끔하게 되어있고 근사한 뷰 먹으면서 저녁먹기에 추천할곳 저녁에 가서 야경먹으면서 음식보자 서울의 중심지 신라호텔 재방문의사 너무있음
처음 가 본 신라호텔 더 파크뷰 맛있었어요 디저트 쪽 메뉴들 특히 요거트 아이스크림과 퐁 당 쇼콜라 최고 좋아하는 게 많았어서 특히 기억에 남 고 쌀국수 도 삭면으로 만든 짜장면도 별미였어요 꽃게 탕면보다 저 두 개를 더 추천하고 싶어요 샐러드랑 회 코너는 재료가 다양하고 신선해서 여러 번 먹었어요 개인적으로 북경오리 LA 갈비는 좀 별로였고 스테이크 아주 부드러웠어요  양갈비도 맛있다고 하네요 여유만 된다면 당연 재방문 하고 싶은 곳,처음 가 본 신라호텔 더 파크뷰 맛있었어요 디저트쪽 메뉴들특히 요거트아이스크림과 퐁당쇼콜라 최고 좋아하는 게 많았어서 특히 기억에 남고 쌀국수 도삭면으로 만든 짜장면도 별미였어요 꽃게탕면보다 저 두개를 더 추천하고 싶어요 샐러드랑 회 코너는 재료가 다양하고 신선해서 여러번 먹었어요 개인적으로 북경오리 LA갈비는 좀 별로였고 스테이크 아주 부드러웠어요 양갈비도 맛있다고 하네요 여유만 된다면 당연 재방문 하고 싶은 곳
마카롱 너무 맛 나고 양고기 냄새 안 나서 좋았어용,마카롱 너무 맛나고 양고기 냄새 안나서 좋았어용
가격은 비싸지만 비싼 값어치를 하는 곳 친절한 응대와 서비스도 넘 만족,가격은비싸지만 비싼값어치를하는곳 친절한응대와 서비스도 넘 만족
신선하고 질이 좋습니다,신선하고 질이 좋습니다
다양한 음식이 많았어요 맛있게 잘 먹었어요 휴일이라 사람이 많았어요,다양한 음식이 많았어요 맛있게 잘 먹었어요 휴일이라 사람이 많았어요
굿,굿
신라호텔 더 파크뷰 뷔페 인당 가격대가 잇지만 대게나 음식 퀄리티가 좋아요 간도 딱 좋고 전체적으로 종류의 발란스가 좋앗습니다 직원 분들 친절하시 구 주차도 편해요 가족 단위 손님들이 많으시더라구 요 특별한 날 가족들과 오기에 좋은 거 같아요,신라호텔 더 파크뷰 뷔페 인당 가격대가 잇지만 대게나 음식 퀄리티가 좋아요 간도 딱좋고 전체적으로 종류의 발란스가 좋앗습니다 직원분들 친절하시구 주차도 편해요 가족단위 손님들이 많으시더라구요 특별한 날 가족들과 오기에 좋은거같아요
맛있어요,맛있어요
오랫만에 디너 왓어요 스파클링 워터 무제한이였구 용 전엔 안 그랫던 거 같은데 북경오리가 참 맛잇엇어요,오랫만에 디너왓어요 스파클링워터 무제한이였구용 전엔 안그랫던거같은데 북경오리가 참 맛잇엇어요
굿,굿
역시 신라호텔 분위기 좋은 곳에서 맛있는 음식 잘 먹고 왔습니다 멀리 보이는 남산타워와 함께 너무 좋은 분위기였어요,역시 신라호텔 분위기 좋은 곳에서 맛있는 음식 잘 먹고 왔습니다 멀리 보이는 남산타워와 함께 너무 좋은 분위기였어요
생일날 3대 호텔 신라호텔로 예약했습니다 재료는 다 신선한 편이였고 음식 종류가 많은 건 아니였어요 다 만 있는 음식들이 다 맛있어요 배 불러서 많이 못 먹은 게 후회되네요 디저트 케익은 정말 끝내주네요,생일날 3대 호텔 신라호텔로 예약했습니다 재료는 다 신선한 편이였고 음식종류가 많은건 아니였어요 다만 있는 음식들이 다 맛있어요 배불러서 많이 못먹은게 후회되네요 디저트 케익은 정말 끝내주네요
대한민국 최고 5성급 호텔에 걸 맞는 멋진 인테리어와 고급스러운 분위기 육류 해산물 중식 일식 디저트까지 풍부하고 맛있는 음식 23층에 있는 미쉐린 2스타에 빛나는 라연에도 뒤지지 않는 남자 직원 분들의 수준 높은 친절한 서비스에 너무나 기 분 좋게 감동했 지만 개념 없는 웨이트리스 때문에 어 이가 없었던 곳 명품 매장에서 일한다고 본인이 명품이라고 착각하고 편한 옷차림의 고객 분들 함부 로 평가하고 깔보고 무시하는 한 심한 직원처럼 5성급 호텔에서 일한다고 본인이 5성급이라 착각하고 뭐 좀 요구하면 짜증 내는 표정 고객을 꾸중하는 듯한 말투와 형편없는 서비스 한 두 번 참다가 정색하고 성함 좀 말씀해 주시라고 너무 불친절해서 관리자님에게 말씀드리겠다고 하니 그때부턴 갑자기 환한 미소와 함께 급 친절 하진짜 하지만 웨이트리스 빼곤 모든 게 너무나,대한민국 최고 5성급호텔에 걸맞는 멋진인테리어와 고급스러운 분위기 육류해산물중식일식디저트까지 풍부하고 맛있는음식 23층에 있는 미쉐린 2스타에 빛나는 라연에도 뒤지지 않는 남자직원분들의 수준높은 친절한 서비스에 너무나 기분좋게 감동했 지만 개념없는 웨이트리스 때문에 어이가 없었던곳 명품매장에서 일한다고 본인이 명품이라고 착각하고 편한옷차림의 고객분들 함부로 평가하고 깔보고 무시하는 한심한 직원처럼 5성급 호텔에서 일한다고 본인이 5성급이라 착각하고 뭐좀 요구하면 짜증 내는표정 고객을 꾸중하는듯한 말투와 형편없는 서비스 한두번참다가 정색하고 성함 좀 말씀해주시라고 너무 불친절해서 관리자님에게 말씀드리겠다고 하니 그때부턴 갑자기 환한미소와 함께 급친절 하진짜 하지만 웨이트리스 빼곤 모든게 너무나
모임으로 갔는데 너무 재미있고 맛있었어요,모임으로 갔는데 너무 재미있고 맛있었어요
종류가 다양해요 스시 맛있었고 고기류는 solo 디저트도 생각보다는 별 루였어요,종류가 다양해요 스시맛있었고 고기류는 solo 디저트도 생각보다는 별루였어요
좋아요,좋아요
맛있어요,맛있어요
음식이 전체적으로 신선하고 너무너무 맛이 좋았습니다 근데 디저트 코너에 있는 오이라 임주스는 맛이 없어요 쿨라임모히토처럼 음식의 느끼함을 없애주는 음료라던지 소화에 도움 될 만한 매실 음료가 좋을 듯해요,음식이 전체적으로 신선하고 너무너무 맛이좋았습니다 근데 디저트코너에 있는 오이라임주스는 맛이없어요 쿨라임모히토처럼 음식의 느끼함을 없애주는 음료라던지 소화에 도움될만한 매실 음료가 좋을듯해요
굿 테이스팅,굿 테이스팅
굿굿,굿굿
진짜 파크뷰 최고 와 또 가고 싶다 돈 벌어야 하는 이유를 찾음,진짜 파크뷰 최고 와 또가고싶다 돈벌어야하는 이유를 찾음
음식이 정말 맛있어요,음식이 정말 맛있어요
중식 메뉴 일식 메뉴 순으로 좋았어요 안쪽 2인석이었는데 조금 더 밝았으면 싶어요 커피가 맛있었습니다,중식 메뉴 일식 메뉴 순으로 좋았어요 안쪽 2인석이었는데 조금 더 밝았으면 싶어요 커피가 맛있었습니다
말해 뭐 해 행복하게 먹고 왔다,말해뭐해 행복하게 먹고 왔다
가족들이랑 너무 좋은 시간이였고 음식이 입맛에 딱이며 너무 맛있어요,가족들이랑 너무 좋은 시간이였고 음식이 입맛에 딱이며 너무 맛있어요
친절하고 맛있어요,친절하고 맛있어요
언제가 도 좋은 파크뷰,언제가도 좋은 파크뷰
국,국
팔선 너무 맛있습니다,팔선 너무 맛있습니다
제일 좋아하는 뷔폐에 요 가격이 오르고 더 만족도가 올라가네요 물론 가격이 비싸서 자주는 못 가고 특별한 날에만 갈 수 있지만 맛 구성 시설 직원분들 친절 너무너무 만족하고 갑니다 한번 꼭 가보세요,제일 좋아하는 뷔폐에요 가격이 오르고 더 만족도가 올라가네요 물론 가격이 비싸서 자주는 못가고 특별한날에만 갈수 있지만 맛 구성 시설 직원분들 친절 너무너무 만족하고 갑니다 한번 꼭 가보세요
굿,굿
비싸지만 돈이 아깝지 않았던 오마카세 먹는 것보다 훨씬 나은 호텔 뷔페 찬양,비싸지만 돈이 아깝지 않았던 오마카세먹는 것보다 훨씬 나은 호텔뷔페찬양
뷰도 멋지고 메뉴들도 하나 하나 정성이 가득 담겨 있는 듯 담백하고 맛있었어요,뷰도 멋지고 메뉴들도 하나하나 정성이 가득 담겨 있는 듯 담백하고 맛있었어요
맛있어요,맛있어요
안심 LA 갈비 양갈비 부드럽고 맛있었어요,안심 LA갈비 양갈비 부드럽고 맛있었어요
1주년으로 다녀왔는데 완전 만족,1주년으로 다녀왔는데 완전 만족
생일 기념으로 왔어요 기념일 때 올 만해요,생일기념으로 왔어요 기념일때 올만해요
비싸지만 한 번은 가 볼만 해요 역시 대한민국 1등 호텔,비싸지만 한번은 가볼만 해요 역시 대한민국 1등 호텔
굿,굿
맛있어요,맛있어요
베리굿,베리굿
기념일에 가 기 좋고 저는 개인적으로 스테이크 굽기가 딱 제가 좋아하는 굽기라서 제일 맛있게 먹었네요 창가 앉으려면 미리 예약하는 게 좋고 밤에는 잘 안 보여서 창가는 낮에 추천합니다,기념일에 가기 좋고 저는 개인적으로 스테이크굽기가 딱 제가 좋아하는굽기라서 제일 맛있게먹었네요 창가앉으려면 미리 예약하는게 좋고 밤에는 잘 안보여서 창가는 낮에 추천합니다
분위기도 좋고 맛있어요,분위기도 좋고 맛있어요
웰컴 와인에 즐거운 저녁 시간 보냈어요,웰컴와인에 즐거운 저녁시간 보냈어요
메뉴 알차요 디저트도 맛있는데 배가 너무 불러서 대신 탄산음료는 따로 계산하셔야 해요 주차는 아래에 하고 셔틀버스로 올라와서 불편한 건 없었네요 특별한 날 오기 좋겠어요,메뉴 알차요디저트도 맛있는데 배가 너무 불러서 대신 탄산음료는 따로 계산하셔야해요 주차는 아래에 하고 셔틀버스로 올라와서 불편한건 없었네요 특별한날 오기 좋겠어요
친절하고 맛나용,친절하고 맛나용
아기 생일이라 가족들 룸 예약해서 다녀왔는데 온라인 예약으로 성공했어요 음식도 맛있었고 서비스도 좋아 만족합니다,아기 생일이라 가족들 룸예약해서 다녀왔는데 온라인 예약으로 성공했어요 음식도 맛있었고 서비스도 좋아 만족합니다
맛있어요,맛있어요
좋아요,좋아요
간만에 가서 잘 먹고 왔어요,간만에 가서 잘 먹고 왔어요
직원 분들 친절하고 음식들 다 맛있어요 특히 샐러드 파트에서는 피조개 된 장무침 샐러드 엄청 맛있었네요 디저트도 두말할 거 없이 훌륭 최근 가격 인상되서 아쉽지만 워낙 물가가 요동치니 어쩔 수 없죠,직원분들 친절하고 음식들 다 맛있어요 특히 샐러드 파트에서는 피조개 된장무침 샐러드 엄청 맛있었네요 디저트도 두말할거 없이 훌륭 최근 가격 인상되서 아쉽지만 워낙 물가가 요동치니 어쩔수 없죠
딸기 원 없이 먹고 왔어요 많이 먹자 했는데 막상 또 많이는 못 먹게 되더라구 요 디저트 류 많이 먹었어요,딸기 원 없이 먹고 왔어요 많이 먹자 했는데 막상 또 많이는 못 먹게 되더라구요 디저트류 많이 먹었어요
고급 진 셀렉션도 많고 뷔페로써 부족함 없는 구성 입니다 분위기나 서비스도 맘에 들었고요 음식 맛이나 서 빙도 친절했어요 사람이 많은 건 뷔페라 어쩔 수 없긴 한데 프라이버시가 아예 없다는 느낌 대화에 방해가 되는 정도는 전혀 아니었어요,고급진 셀렉션도 많고 뷔페로써 부족함 없는 구성 입니다 분위기나 서비스도 맘에 들었고요 음식맛이나 서빙도 친절했어요 사람이 많은건 뷔페라 어쩔 수 없긴 한데 프라이버시가 아예 없다는 느낌 대화에 방해가 되는 정도는 전혀 아니었어요
운 좋게 뷰 좋은 창가 쪽에서 저녁 식사했어요 음식이 하나같이 다 맛있어서 배 불러오는 게 너무 아까웠어요 특히 대게는 너무 맛있어서 몇 번을 먹었는지 모르겠네요 왜 인기가 많은 지 알겠어요,운좋게 뷰좋은 창가쪽에서 저녁식사했어요 음식이 하나같이 다 맛있어서 배불러오는게 너무 아까웠어요 특히 대게는 너무 맛있어서 몇 번을 먹었는지 모르겠네요왜 인기가 많은지 알겠어요
장충동에 있는 호텔뷰페식당입니다 모든 구성 알차고 맛있고 직원 모두 친절해요,장충동에있는 호텔뷰페식당입니다 모든구성 알차고 맛있고 직원모두친절해요
생일전야 저녁에 방문했는데 분위기도 정말 고급 지고 음식도 모두 훌륭하고 간 만에 자연스레 과식했네요 가격이 있는 만큼 특별한 날 가기에 딱인 거 같아요,생일전야 저녁에 방문했는데 분위기도 정말 고급지고음식도 모두 훌륭하고 간만에 자연스레 과식했네요 가격이 있는 만큼 특별한 날 가기에 딱인거 같아요
직원들은 친절 하나 매장도 좁고 메뉴도 적은 듯 동선도 불편함,직원들은 친절하나 매장도 좁고 메뉴도 적은듯 동선도 불편함
우리나라 최고의 뷔페 치고는 요즘 상향 평준화가 되어서 최고까진 아니지만 탑 5안에 드는 건 팩트 근데 당장 다음 주부터 18만원이라는 데 그 돈 주고는 안 올 듯 난 지류 상품권 신공으로 12만원에 와서 맛나게 먹긴 함,우리나라 최고의 뷔페 치고는 요즘 상향평준화가 되어서 최고까진 아니지만 탑5안에 드는건 팩트 근데 당장다음주부터 18만원이라는데 그돈주고는 안올듯 난 지류상품권신공으로 12만원에 와서 맛나게먹긴함
친절 신선 존 맛 그 잡채,친절 신선 존맛 그잡채
좋아요,좋아요
적당히 먹을 만 합니다,적당히 먹을만 합니다
분위기는 좋지만 가격 대비 음식 구성이 그리 대단하진 않아 요 몇 번째 갓는 데 좀 아쉽습니다 12월부터는 가격이 인상된다고 들엇는데 솔직히 인상된 가격에는 이 용 안 할 거 같아 요 맛도 좀 아쉬웠어요,분위기는 좋지만 가격대비 음식 구성이 그리 대단하진 않아요 몇번째 갓는데 좀 아쉽습니다 12월부터는 가격이 인상된다고 들엇는데 솔직히 인상된 가격에는 이용 안할거같아요 맛도 좀 아쉬웠어요
디저트와 양갈비 맛집입니다 또 갈게요,디저트와 양갈비 맛집입니다 또갈게요
좋은 곳에서 좋은 서비스 받고 맛있게 먹고 갑니다 역시 서울 3대 뷔페,좋은곳에서 좋은 서비스 받고 맛있게 먹고 갑니다 역시 서울 3대뷔페
서울 3대 뷔페라 하는 이유를 알겠음 친절하고 동선이 편하고 대접받는 느낌이 강하게 들었음 앞으로도 중요한 행사가 있다면 신라호텔 더파크뷰에서 하고 싶을 정도임,서울3대뷔페라 하는 이유를 알겠음 친절하고 동선이 편하고 대접받는 느낌이 강하게 들었음 앞으로도 중요한 행사가 있다면 신라호텔 더파크뷰에서 하고 싶을 정도임
창가 자리에 앉아서 뷰가 넘 좋고 음식들이 다 맛있어서 넘 좋은 시간 보냈어요,창가자리에 앉아서 뷰가 넘 좋고 음식들이 다 맛있어서 넘 좋은 시간 보냈어요
주차장 들어가자마자 임신한 사람 주차할 수 있는 분홍선이 있는데 막아놓으시고 자리가 없으면 그 때 열어주시겠다고 하시더라구요 그러면 왜 만들어 놓으셨나요 임신이 유세는 아니지만 배려 석인데 다 차면 열어주신 다 해서 뺑뺑 돌다 지하 거의 끝까지 내려갔 습니다 적지 않은 돈으로 혜택이 역시 좋겠지 그만큼 퀄리티가 있겠지 하고 갔는데 실망스러웠습니다 음식은 대체적으로  맛있었지만 게살 스프가 짰 고 탄산이랑 아이스커피는 돈을 추가로 내야 한다는 것이 아쉬웠네요,주차장 들어가자마자 임신한사람 주차할수 있는 분홍선이 있는데 막아놓으시고 자리가 없으면 그때열어주시겠다고 하시더라구요 그러면 왜 만들어 놓으셨나요 임신이 유세는 아니지만 배려석인데 다 차면 열어주신다해서 뺑뺑 돌다 지하 거의 끝까지 내려갔 습니다 적지 않은 돈으로 혜택이 역시 좋겠지 그만큼 퀄리티가 있겠지 하고 갔는데 실망스러웠습니다 음식은 대체적으로 맛있었지만 게살스프가 짰고 탄산이랑 아이스커피는 돈을 추가로 내야한다는 것이 아쉬웠네요
직원 분들 친절하시고 음식도 맛있어요,직원분들 친절하시고 음식도 맛있어요
뭐라 할 말이 없음 다 맛있어요 평일 런치로 가면 줄도 안 서고 바로 들어가서 좋네요 그리고 계산할 때 와인 1병도 선물로 줬어요,뭐라 할 말이 없음 다 맛있어요 평일 런치로 가면 줄도 안서고 바로 들어가서 좋네요 그리고 계산할때 와인 1병도 선물로 줬어요
친절하고 분위기 최고입니다 음식들도 맛있고 다녀 본 뷔페 중 제일 좋네요,친절하고 분위기 최고입니다 음식들도 맛있고 다녀본 뷔페중 제일 좋네요
명절 가족 식사 했는데 직원분들 다 친절하고 음식 다 맛있었어요 다른 호텔도 다녀 봤는데 사전에 알러지 물어보시고 체크해 주시는 센스 없었는데 신라는 신라인가봐요 앉을 때 물어봐주시고 담을 때 물어보면 설명도 잘해주시고 감동 그 자체 중식 도 맛있 고 스시도 괜찮았어요 룸도 따로 있어서 가족 모임 예약 시 참고하셔도 좋을 것 같아 요 특히 커피 드실 때 YMYoon 이라는  분이 내리는 라떼 드세요 진짜 호텔 식사가 서 먹는 커피 기대 잘 안 하는데 신라는 뭔가 다르다는 걸 느꼈어요 다음에 가족 식사가 있 으면 또 신라로 올 것 같아 요 가격 거의 비슷비슷한데 신라가 더 좋아요,명절 가족식사 했는데 직원분들 다 친절하고 음식 다 맛있었어요 다른호텔도 다녀봤는데 사전에 알러지 물어보시고 체크해주시는 센스 없었는데 신라는 신라인가봐요앉을 때 물어봐주시고 담을때 물어보면 설명도 잘해주시고 감동 그 자체 중식도 맛있 고 스시도 괜찮았어요 룸도 따로 있어서 가족모임 예약시 참고하셔도 좋을 것 같아요 특히 커피 드실때 YMYoon 이라는 분이 내리는 라떼 드세요 진짜 호텔 식사가서 먹는 커피 기대 잘안하는데 신라는 뭔가 다르다는 걸 느꼈어요 다음에 가족식사가 있 으면 또 신라로 올것 같아요 가격 거의 비슷비슷한데 신라가 더 좋아요
친절함은 기본에 맛까지 정말 최고였습니당,친절함은 기본에 맛까지 정말 최고였습니당
너무 친절하시고 이번에 가 유독 맛있었어요,너무 친절하시고 이번에가 유독 맛있었어요
처음 방문해보는 더파크뷰 랜덤이라 하셨는데 창문 자리로 안내 해주셨어요 금요일 저녁이었는데도 설날 전이 긴 했지만 사람 많았어요 확실히 육류보단 해산물이 더 맛있었어요 대 게 수율도 좋았습니 당 그리고 정말 배부른 와중에도 너무 맛있게 느낀 마 카롱들 디저트 넘넘 맛있더라구 요 친절함은 말해 모해 너무 좋았습니당,처음 방문해보는 더파크뷰 랜덤이라 하셨는데 창문자리로 안내 해주셨어요 금요일 저녁이었는데도 설날 전이긴 했지만 사람 많았어요 확실히 육류보단 해산물이 더 맛있었어요 대게 수율도 좋았습니당 그리고 정말 배부른 와중에도 너무 맛있게 느낀 마 카롱들 디저트 넘넘 맛있더라구요 친절함은 말해모해 너무 좋았습니당
대게랑 디저트가 맛있었습니다,대게랑 디저트가 맛있었습니다
사람이 너무 많았지만 맛있게 잘 먹고 왔어요,사람이 너무 많았지만 맛있게 잘먹고왔어요
좋아요,좋아요
맛있어요어 오 디너 2부 8시 시작인데도 사람 엄청 많아서 북적이긴 합니다,맛있어요어오 디너2부 8시 시작인데도 사람 엄청 많아서 북적이긴 합니다
요리들이 맛있어요 주차장이 너무 멀고 내리막길이 위험했어요,요리들이 맛있어요 주차장이 너무 멀고 내리막길이 위험했어요
메뉴도 다양하고 조금씩 변화되는 게 좋아요 변함없는 맛과 친절한 서비스 국내 호텔 뷔페 원탑계임 좋은 날에 가 기 쵝 오 단 예약이 너무빡심,메뉴도 다양하고 조금씩 변화되는게 좋아요 변함없는 맛과 친절한 서비스 국내호텔뷔페 원탑계임 좋은날에 가기 쵝오 단 예약이 너무빡심
즐겁고 행복한 연말 식사였습니다,즐겁고 행복한 연말식사였습니다
연말에 남자친구와 분위기 있게 좋은 시간 보내고 갑니다,연말에 남자친구와 분위기 있게 좋은 시간 보내고 갑니다
12월엔 꼭 가야 할 일 아니면 비추 일단 연말이라는 이유로 금액이 비싸 짐과 동시에 예약하기 너무 빡세요 수요일 평일인데도 주차장이며 호텔 로 비며 엄청 북적 북적 디저트 종류랑 회쪽은 여전히 맛있고 너무 좋은데 확실히 겨울이라 그런지 고기 종류가 금방 식어서 느끼해요 그래도 여전히 서비스 면에서는 너무 좋았구요 다음엔 12월 만 피해서 가야겠어요,12월엔 꼭 가야할일 아니면 비추 일단 연말이라는 이유로 금액이 비싸짐과 동시에 예약하기 너무 빡세요 수요일 평일인데도 주차장이며 호텔 로비며 엄청 북적북적 디저트종류랑 회쪽은 여전히 맛있고 너무 좋은데 확실히 겨울이라 그런지 고기종류가 금방 식어서 느끼해요 그래도 여전히 서비스면에서는 너무 좋았구요 다음엔 12월만 피해서 가야겠어요
일단 사람이 너무 많아서 깜짝 놀랐는데 그래도 수월하게 입장이 진행되었어요 조개 샐러드 진짜 진짜 맛있어서 두 번 먹었어요 꼭 드셔보세요 회는 그냥 좋은 회다 요 정도였는데 초밥이 진짜 미쳤어요 너무 맛있음 딱새우회도 맛있긴 함 그리구 딸기가 진짜 말도 못하게 맛있어서 원래 과일 안 좋아함 거의 한 접시 와구와 구 먹었어요 막판에 먹방 찍은 듯해요 같이 간 일행이  저 먹는 거 보더니 딸기를 또 한 접시 퍼 왔어요 다른 분들은 크랩 갈비 양갈비 많이 들 가져다 드시더라고요 초반에는 초밥 회에 줄이 길고 중반에는 고기 줄이 기니까 기다리기 싫은 분들은 참고해서 청개구리처럼 거꾸로 드세요,일단 사람이 너무 많아서 깜짝 놀랐는데 그래도 수월하게 입장이 진행되었어요 조개샐러드 진짜진짜 맛있어서 두 번먹었어요꼭 드셔보세요 회는 그냥 좋은 회다 요 정도였는데 초밥이 진짜 미쳤어요 너무 맛있음 딱새우회도 맛있긴 함 그리구 딸기가 진짜 말도 못하게 맛있어서원래 과일 안 좋아함 거의 한접시 와구와구 먹었어요 막판에 먹방 찍은 듯해요 같이 간 일행이 저 먹는 거 보더니 딸기를 또 한 접시 퍼왔어요 다른 분들은 크랩 갈비 양갈비 많이들 가져다 드시더라고요 초반에는 초밥 회에 줄이 길고 중반에는 고기 줄이 기니까 기다리기 싫은 분들은 참고해서 청개구리처럼 거꾸로 드세요
연말 송년 모임으로 다녀왔는데 얼마 못 먹어서 아쉽지만 친절해서 조았어요 수프와 스테이크 쌀국수 맛납니다,연말송년모임으로 다녀왔는데 얼마못먹어서 아쉽지만 친절해서조았어요 수프와 스테이크 쌀국수 맛납니다
저녁 팁을 드리자면 사람이 굉장히 많고 입장하자 모두가 음식을 받기 위해 줄을 서서 따뜻한 음식들을 받아도 다른 음식 받기 위해 기다리다 보면 이미 식어서 자리로 오게 됩니다 들어가자 마자 인원들이 음식 받고 식사 시작하면 그 때 음식들을 받고 스테 이 크 등은 자리 앉기 직전에 받아서 오는 게 좋겠더라구 요 초밥은 원하는 생선으로 원하는 개수로 따로 쥐어주 십니다,저녁 팁을 드리자면 사람이 굉장히 많고 입장하자 모두가 음식을 받기 위해 줄을 서서 따뜻한 음식들을 받아도 다른 음식 받기 위해 기다리다 보면 이미 식어서 자리로 오게 됩니다 들어가자 마자 인원들이 음식 받고 식사 시작하면 그 때 음식들을 받고 스테 이크 등은 자리 앉기 직전에 받아서 오는게 좋겠더라구요 초밥은 원하는 생선으로 원하는 개수로 따로 쥐어주십니다
가격 대비해서는 실망,가격대비해서는 실망
사람이 너무 많아서 줄 서다가 음식이 식어요,사람이 너무 많아서 줄서다가 음식이 식어요
마싯다,마싯다
창가 자리 뷰가 참 예쁘고 음식도 맛있었음 내 위가 작은 거 빼곤 다 만족,창가 자리 뷰가 참 예쁘고 음식도 맛있었음 내 위가 작은거 빼곤 다 만족
맛있게 잘 먹었습니다,맛있게 잘먹었습니다
굿,굿
맛있어요,맛있어요
굿,굿
호텔 뷔페 중 최고,호텔 뷔페 중 최고
맛있게 잘 먹었어요,맛있게 잘먹었어요
맛있고 친절하셔요 역시 호텔신라,맛있고 친절하셔요 역시 호텔신라
굿,굿
지난번에 주말 브런치로 갔는데 이번에는 평일 1부로 갔더니 사람도 덜 붐비 고 조용하니 좋네요 여기는 카페라떼 맛집입니다 꼭 마셔 보세용,지난번에 주말 브런치로 갔는데 이번에는 평일 1부로 갔더니 사람도 덜 붐비고 조용하니 좋네요 여기는 카페라떼 맛집입니다 꼭 마셔 보세용
디저트가 정말 훌륭하고 과일당도 도 뛰어나 요 음식은 최곤데 접시가 너무너무 무거워요,디저트가 정말 훌륭하고 과일당도도 뛰어나요 음식은 최곤데 접시가 너무너무 무거워요
안심스테이크 정말 부드러워요,안심스테이크 정말 부드러워요
굿굿,굿굿
굿,굿
그냥,그냥
친절하시고 무엇보다 퀄리티가 좋아요,친절하시고 무엇보다 퀄리티가 좋아요
음식이 맛있어요,음식이 맛있어요
비싸고 맛있고 줄 서고 비싸다,비싸고 맛있고 줄서고 비싸다
분위기도 괜찮고 서비스도 매우 좋아요 음식도 다 괜찮은 편이에 요 화장실이 너무 작은 게 흠이에 요,분위기도 괜찮고 서비스도 매우 좋아요 음식도 다 괜찮은 편이에요 화장실이 너무 작은 게 흠이에요
가격은 있지만 특별한 날 가기 좋아요 개인적으로 해산물보다는 디저트 육류 순으로 맛있었습니다,가격은 있지만 특별한 날 가기 좋아요 개인적으로 해산물보다는 디저트육류 순으로 맛있었습니다
매장 안에 화장실이 2개밖에 없어서 좀 오래 기 다림 직원들은 친절했으나 사람이 많음,매장 안에 화장실이 2개밖에 없어서 좀 오래 기다림 직원들은 친절했으나 사람이 많음
모임 언니 생일이여서 호텔신라 더 파크뷰에서 깔끔하고 다양한 요리로 배가 호 강 하네요저는 해산물을 좋아해서 해산물 위주로 떠왔는데 다양한 요리 종류가 훨씬 많아 요디저트 종류도 다양하구요 요즘에 먹은 호텔 뷔페 중에 최고 아직까지는,모임언니 생일이여서 호텔신라 더파크뷰에서 깔끔하고 다양한요리로 배가 호강하네요저는 해산물을 좋아해서 해산물위주로 떠왔는데 다양한 요리종류가 훨씬많아요디저트종류도 다양하구요요즘에 먹은 호텔뷔페중에 최고아직까지는
말이 필요 없음,말이 필요 없음
사람 너무 많아요 생일이라 간 건데 그냥 결혼식장 뷔페 같네요 음식은 맛있어요,사람 너무 많아요 생일이라간건데 그냥 결혼식장뷔페같네요 음식은 맛있어요
직원들 칭찬이 많던데 저는 손에 꼽네요 테이블 정리 안 해줘서 매번 요청했으며 대충 치우다가 접시에 있던 음식 테이블에 떨어졌는데도 아무 말도 안하고 가 심 그러다가 마감 전인데도 식사하고 있는데도 직원 지도를 했음 또 음식하는 직원들끼리 피 곤 하다는 소릴 들 음 기타 너무 많아서 생략 좋은 건 호텔이 외관이 굉장히 멋스러움 피아노 연주해주시는 게 좋음 디저트 몇 가지와  멜론이 맛있음 로비가 협소하지만 샹들리에가 멋짐 근데 또 음식이 굉장히 맛있냐 그것도 아니였음 배 부르지만 너무 맛있 어서 많이 먹고 싶은 게 아니라 돈이 아까워 뭐라도 먹어보자라는 마음 저는 이렇게 되었으니 여러분은 잘 결정하세요,직원들 칭찬이 많던데 저는 손에 꼽네요 테이블정리 안해줘서 매번 요청했으며 대충 치우다가 접시에 있던 음식 테이블에 떨어졌는데도 아무말도 안하고 가심 그러다가 마감 전인데도 식사하고 있는데도 직원지도를 했음 또 음식하는 직원들끼리 피 곤하다는 소릴 들음 기타 너무 많아서 생략 좋은건 호텔이 외관이 굉장히 멋스러움 피아노 연주해주시는게 좋음 디저트 몇가지와 멜론이 맛있음 로비가 협소하지만 샹들리에가 멋짐 근데 또 음식이 굉장히 맛있냐 그것도 아니였음 배부르지만 너무 맛있 어서 많이 먹고 싶은게 아니라 돈이 아까워 뭐라도 먹어보자라는 마음 저는 이렇게 되었으니 여러분은 잘 결정하세요
태어나서 첨 가 보는 신라호텔 추억 가득 사랑 가득 비싸 구 맛나구 근데 입이 짧아서 많이 먹지 못해 아쉬웠던 식사,태어나서 첨 가보는 신라호텔 추억가득 사랑가득 비싸구 맛나구 근데 입이 짧아서 많이 먹지못해 아쉬웠던 식사
각종 호화로운 요리들이 많아서 무엇을 먹어야 할지 고민이었습니다 게 양갈비 립 스 시 등 맛있었고 베이징 덕 등 중식 메뉴도 좋았습니다 서비스는 역시 신라호텔 다운 서비스를 받아 좋았어요 테이블마다 탄산수 1병씩 놓여 있고 다 마시고 무료 추가 가능 합니다 물론 보통 생수도 있습니다 개인당 기본으로 나오는 스프도 얼마나 맛있는지 디저트 코너에 마카롱 및 각종 케이크 는 여자친구가 정말 좋아했습니다 과일도 다양하게 준비되어 있어서 잘 먹었어요 2시간이 금방 지나 가버려서 아쉽긴 했지만 많이 먹지 못하는 작은 위 때문에 충분히 만족했습니다 무조건 재방문 기본 주차는 3시간 무료 발렛 파킹 25000,각종 호화로운 요리들이 많아서 무엇을 먹어야할지 고민이었습니다 게 양갈비 립 스시 등 맛있었고 베이징덕 등 중식메뉴도 좋았습니다 서비스는 역시 신라호텔다운 서비스를 받아 좋았어요 테이블마다 탄산수 1병씩 놓여있고 다 마시고 무료 추가가능 합니다 물론 보통 생수도 있습니다 개인당 기본으로 나오는 스프도 얼마나 맛있는지 디저트 코너에 마카롱 및 각종 케이크는 여자친구가 정말 좋아했습니다 과일도 다양하게 준비되어 있어서 잘 먹었어요 2시간이 금방 지나가버려서 아쉽긴 했지만 많이 먹지 못하는 작은 위때문에 충분히 만족했습니다 무조건 재방문 기본 주차는 3시간무료 발렛파킹 25000
베이징 덕 맛집이에요 테이블 간격이 너무 촘촘해서 사람이 많고 음식 동선도 구역 나누어진 게 이동에 불편했어요 쾌적하게 식사할 수 있진 않았는데 직원분들이 엄청 친절하심 해산물 코너보단 육류 코너가 더 나은 듯해요 해산물 좋아하는데 그래서 저는 좀 아쉬웠어요 뭔가 먹잘게 없음 한식 코너가 되게 약하고 흔한 육회도 없어요 중식 코너도 쏘쏘인데 근데 베이징 덕은 괜춘  육류에선 la 갈비만 먹는 편인데 제주엔 있었는데 여긴 없어요 제값 주고 오기엔 아쉬운 느낌이에요,베이징덕 맛집이에요 테이블 간격이 너무 촘촘해서 사람이 많고 음식 동선도 구역 나누어진게 이동에 불편했어요 쾌적하게 식사할 수 있진 않았는데 직원분들이 엄청 친절하심 해산물 코너보단 육류코너가 더 나은듯해요 해산물 좋아하는데 그래서 저는 좀 아쉬웠어요 뭔가 먹잘게 없음 한식코너가 되게 약하고 흔한 육회도 없어요 중식코너도 쏘쏘인데근데 베이징덕은 괜춘 육류에선 la갈비만 먹는 편인데 제주엔 있었는데 여긴 없어요 제값 주고 오기엔 아쉬운 느낌이에요
양갈비가 제일 맛있어요 La갈비 맛있었는데 없어져서 아쉬워요 주말에 1부는 시간이 촉박해요 2시간이라서 대화 나누면서 충분히 먹기에는 부족하고 30분 정도 더 있으면 좋겠어요,양갈비가 제일 맛있어요 La갈비 맛있었는데 없어져서 아쉬워요 주말에 1부는 시간이 촉박해요 2시간이라서 대화 나누면서 충분히 먹기에는 부족하고 30분 정도 더 있으면 좋겠어요
호텔 뷔페 중 그래도 손가락 안에 드는 맛있는 곳이라고 생각하는데 역시나 너무 맛있었어요 사람이 많다 보니 음식이 빨리 빠져서 덕분에 바로 나온 음식을 바로바로 먹을 수 있었어요 디저트는 말해 뭐 하나 싶어요 사실 요즘 외식하면 이 정도 가격은 나오 는데 호텔 뷔페가 더 가성비가 좋다고 느껴지네요 너무 맛나요,호텔 뷔페 중 그래도 손가락 안에 드는 맛있는 곳이라고 생각하는데 역시나 너무 맛있었어요 사람이 많다보니 음식이 빨리 빠져서 덕분에 바로 나온 음식을 바로바로 먹을 수 있었어요 디저트는 말해 뭐하나 싶어요 사실 요즘 외식하면 이정도 가격은 나오 는데 호텔뷔페가 더 가성비가 좋다고 느껴지네요 너무 맛나요
굿,굿
좋아요,좋아요
진짜 맛있었고 기념일로 가기도 좋아요,진짜 맛있었고 기념일로 가기도 좋아요
예전에 비해 가지수가 준 것 같지만 여전히 맛있습니다 근데 사람이 정말 많네요,예전에 비해 가지수가 준것 같지만 여전히 맛있습니다 근데 사람이 정말 많네요
예전에 신라호텔 뷔페 갔을 때 보다 메뉴의 가짓수는 줄었지만 메뉴 등 퀄리티가 훨씬 좋아졌어요 더 만족스러웠어요 자리에 스프 하나씩 놓아주는 거 넘 편하고 좋았어요 자리에 놓아준 건 버섯 스프였고 국이나 탕 종류는 게살 스프랑 쌀국수 있고 다른 건 없더라구요 와인은 피노 누아는 피노 누아 답지 않게 너무 무거운 느낌이었고 까쇼는 맛있게 마셨어요,예전에 신라호텔 뷔페 갔을때 보다 메뉴의 가짓수는 줄었지만 메뉴등 퀄리티가 훨씬 좋아졌어요 더 만족스러웠어요 자리에 스프 하나씩 놓아주는거 넘 편하고 좋았어요 자리에 놓아준건 버섯스프였고 국이나 탕 종류는 게살스프랑 쌀국수 있고 다른건 없더라구요 와인은 피노누아는 피노누아 답지않게 너무 무거운 느낌이었고 까쇼는 맛있게 마셨어요
신라는 역시 디저트가 좋아요 디저트와 친절함에 기분이 좋아집니다 꽤 오랫만에 신라에 다시 왔는데 다시 오길 잘했다는 생각이 들었어요 음식을 많이 먹진 못했지만 기 분 좋았어요 워커힐도 조선도 좋지만 이상하게 신라에 오면 맘이 편하네요 올해 다 시 한 번은 올 거 같아 요,신라는 역시 디저트가 좋아요 디저트와 친절함에 기분이 좋아집니다 꽤 오랫만에 신라에 다시 왔는데 다시 오길 잘했다는 생각이 들었어요 음식을 많이 먹진 못했지만 기분 좋았어요 워커힐도 조선도 좋지만 이상하게 신라에 오면 맘이 편하네요 올해 다 시 한번은 올 거 같아요
굿,굿
더파크뷰 말이 필요 없습니다,더파크뷰 말이 필요 없습니다
맛있어 여,맛있어여
중식류가 유명한 걸 뒤늦게 알아서 아쉬웠던 파크뷰 서비스가 친절하고 육류가 다양합니다,중식류가 유명한걸 뒤늦게 알아서 아쉬웠던 파크뷰 서비스가 친절하고 육류가 다양합니다
맛있어요,맛있어요
가격 오르고 가성비 떨어진다는 데 처음 와본 사람으로써 이전에 어땠는지 모르겠지만 인터넷 후기에서 보던 와플도 없고 뭐 없는 게 너무 많아서 직원 분들만 친절했어요 처음엔 하나씩만 맛 좀 보자 했는데 그냥 나중엔 먹을 게 없다 랄까 왤까요 배가 찢 어져서 못 먹겠다 라기 보다 조금 사실적으로 아웃백 파크뷰 빕스 느낌이예요 와플 왜 없었나요,가격오르고 가성비 떨어진다는데 처음 와본 사람으로써 이전에 어땠는지 모르겠지만 인터넷 후기에서 보던 와플도 없고 뭐 없는게 너무 많아서 직원분들만 친절했어요 처음엔 하나씩만 맛좀 보자 했는데 그냥 나중엔 먹을게 없다 랄까 왤까요 배가찢 어져서 못먹겠다 라기 보다 조금 사실적으로 아웃백 파크뷰 빕스 느낌이예요 와플왜 없었나요
맛있어요,맛있어요
굿굿굿,굿굿굿
굿,굿
서울 호텔 뷔페 중엔 파크뷰가 최고인 듯 육류 특히 스테이크가 맛있어요,서울 호텔 뷔페중엔 파크뷰가 최고인듯 육류 특히 스테이크가 맛있어요
음식 맛있고 좋아요 서비스도 좋구요,음식 맛있고 좋아요 서비스도 좋구요
좋아요,좋아요
좋아요,좋아요
조아요,조아요
대게부터 양갈비 베이징 덕 전부 맛있네요,대게부터 양갈비 베이징덕 전부 맛있네요
여기 갈 때마다 느끼지만 음식이 너무 많고 맛있어서 위가 더 넓었으면 좋겠단 생각해요,여기 갈 때마다 느끼지만 음식이 너무 많고 맛있어서 위가 더 넓었으면 좋겠단 생각해요
친절하고 세심하게 신경 써주셔 즐거운 식사시간였습니다,친절하고 세심하게 신경써주셔 즐거운 식사시간였습니다
특별한 날이라 큰맘 먹고 갔는데 너무 만족스러운 식사였어요 친절하셨고 맛있는 것도 많이 먹고 부모님도 모시고 오고 싶단 생각이 나더라고요 기회가 되면 다른 가족들과 함께 하고 싶네요,특별한 날이라 큰맘먹고 갔는데 너무 만족스러운 식사였어요 친절하셨고 맛있는 것도 많이 먹고 부모님도 모시고 오고싶단 생각이 나더라고요 기회가 되면 다른 가족들과 함께하고 싶네요
스테이크는 오늘은 맛있어요 파크뷰는 대게 맛집 가격이 올라서 솔직히 155만원 대비 가성비는 이 젠 별로인 것 같아 요 발렛할 경우에만 주차 편해요 비오는 오늘 같은 경우 발렛 안 했음,스테이크는 오늘은 맛있어요 파크뷰는 대게맛집 가격이 올라서 솔직히 155만원 대비 가성비는 이젠 별로인것 같아요 발렛할 경우에만 주차편해요 비오는 오늘같은경우 발렛안했음
조용하게 모임하기엔 역시 너무 시끄럽고 요 맛있는 음식을 다양하게 먹기 좋았어요,조용하게 모임하기엔 역시 너무 시끄럽고요 맛있는 음식을 다양하게 먹기 좋았어요
맛있어요,맛있어요
가격은 계속 오르고 많이 비싸진 듯 요 여기 오면 돈 많이 벌어 또 와야지 생각듭니다 잘 먹었습니다,가격은계속오르고많이비싸진듯요 여기오면 돈 많이벌어또와야지 생각듭니다 잘먹었습니다
직원 분들 친절하고 음식 깔끔하고 좋아요,직원분들 친절하고 음식 깔끔하고 좋아요
좋아요,좋아요
진짜 너무 너무 맛있어서 여행 온 기분 양갈비 쯔란 등 갈비 해삼쥬스 유산 슬 시 금치 딤섬 대박 맛있어요,진짜 너무너무 맛있어서 여행 온 기분 양갈비 쯔란등갈비 해삼쥬스 유산슬 시금치딤섬 대박 맛있어요
신라니까요 뭐 좋은 건 당연하지만 일단 아쉬운 점 먼저 말해보자면 프렌치랙은 조선 아리아에 비해 퀄리티가 많이 떨어집니다 굽기 시즈닝 잡내 잡는 것 살코기의 크기 등 여러 면에서 아리아가 압승이네요 흰 살 생선도 다른 곳에 비하면 살이 부드럽진 못한 편이고요 또 올리브나 치즈 샤퀴테리류 등 좀 입맛을 더 돋굴만한 서브 메뉴들이 없는 게 아쉬웠어요 음식들 간은 대체로  슴슴한 편입니다 간이 좀 센걸 좋아하는 제게는 좀 싱거운 디쉬들이 몇 개 있었어요 그래도 중식 코너가 대체로 괜찮은 편이었고 대게도 맛있게 먹었습니다 직원 분들도 매우 친절하시구요,신라니까요 뭐 좋은건 당연하지만 일단 아쉬운 점 먼저 말해보자면 프렌치랙은 조선 아리아에 비해 퀄리티가 많이 떨어집니다 굽기 시즈닝 잡내잡는 것 살코기의 크기 등 여러면에서 아리아가 압승이네요 흰살생선도 다른 곳에 비하면 살이 부드럽진 못한 편이고요 또 올리브나 치즈 샤퀴테리류 등 좀 입맛을 더 돋굴만한 서브메뉴들이 없는게 아쉬웠어요 음식들 간은 대체로 슴슴한 편입니다 간이 좀 센걸 좋아하는 제게는 좀 싱거운 디쉬들이 몇개 있었어요 그래도 중식코너가 대체로 괜찮은 편이었고 대게도 맛있게 먹었습니다 직원분들도 매우 친절하시구요
호텔 뷔페는 가격이,호텔뷔페는 가격이
굿,굿
비싼 가격만큼은 아니고 2부 금 욜 뷔페라 너무 사람도 많고 커피 흘리면서 제공하고 식기 치우기 매너 없이 하고 조금 실망입니다 좋은 신라호텔 간만에 나들이 한 걸로 좋은 기 억 남기려네요 서비스 음식 맛 고급감은 덜했어요 새우버섯 중복 소스 요리들이 많고 그러나 등갈비는 맛 좋았네요,비싼 가격만큼은 아니고 2부 금욜 뷔페라 너무 사람도 많고 커피 흘리면서 제공하고 식기 치우기 매너없이 하고 조금 실망입니다 좋은 신라호텔 간만에 나들이 한걸로 좋은 기억 남기려네요 서비스 음식맛 고급감은 덜했어요 새우버섯 중복소스 요리들이 많고 그러나 등갈비는 맛좋았네요
1부2부가 나뉘어 있어서 일단 입장하자마자 사람이 굉장히 많았고 테이블 간격도 좁고 테이블도 좁았어요 맛은 엄청난 맛은 아니지만 전체적으로 맛있었습니다 대게는 손질이 잘 되서 먹기가 아주 편했고 차가워서 아쉬웠지만 수율이 좋아 살이 실하더라구 요 해산물 쪽은 몇 가지 없어서 좀 아쉬웠습니다 고기는 안심 스테이크와 쯔란소 고기 등 갈비와 양갈비 북경 오리가 맛있었는데 특히  안심 스테이크는 한 입에 베어 물어도 바로 잘릴 정도로 엄청 부드러워서 너무 맛있고 쯔란 등 갈비는 맛이 좀 쎈데 중독성 있는 맛 이었어요 우니 단새우 모밀은 좋았는데 짜장면은 도 삭면이라 간이 안 베어 있어서 아쉽고 파스타도 종류가 너무 없었네요 디저트는 쏘쏘 마카롱은 너무 달고 인위적이라 별로 고 초코수 플레가 맛있었고 하나씩 주는 트러플 수프가 맛있었어요,1부2부가 나뉘어 있어서 일단 입장하자마자 사람이 굉장히 많았고 테이블간격도 좁고 테이블도 좁았어요 맛은 엄청난 맛은 아니지만 전체적으로 맛있었습니다 대게는 손질이 잘되서 먹기가 아주 편했고 차가워서 아쉬웠지만 수율이 좋아 살이 실하더라구 요 해산물쪽은 몇가지 없어서 좀 아쉬웠습니다 고기는 안심스테이크와 쯔란소고기등갈비와 양갈비북경오리가 맛있었는데 특히 안심스테이크는 한입에 베어물어도 바로 잘릴정도로 엄청 부드러워서 너무 맛있고 쯔란등갈비는 맛이 좀 쎈데 중독성있는 맛 이었어요 우니단새우 모밀은 좋았는데 짜장면은 도삭면이라 간이 안베어있어서 아쉽고 파스타도 종류가 너무 없었네요 디저트는 쏘쏘 마카롱은 너무달고 인위적이라 별로고 초코수플레가 맛있었고 하나씩 주는 트러플수프가 맛있었어요
좋아요,좋아요
특별한 기념일 날 가 기 좋아요,특별한 기념일날 가기 좋아요
종류 굉장히 다양하고 이름이 낯선 음식들도 많아요 한번쯤 방문할 만 하지만 가격 대비는 모르겠어요 사람이 많아서 정신 없는 게 아쉬웠네요,종류 굉장히 다양하고 이름이 낯선 음식들도 많아요 한번쯤 방문할만 하지만 가격대비는 모르겠어요 사람이 많아서 정신 없는게 아쉬웠네요
너무 열심히 먹느라 음식 사진 찍는 건 잊고 있었네요 고기 종류 요리가 맛있어요 스테이크 훌륭 대게는 매번 차가 워서 안 먹게 되네요 비싸지만 디저트만 제대로 먹어도 아깝지 않아 요 예약이 쉽지 않다는 게 단점입니다,너무 열심히 먹느라 음식사진 찍는 건 잊고 있었네요 고기 종류 요리가 맛있어요 스테이크 훌륭 대게는 매번 차가워서 안먹게 되네요 비싸지만 디저트만 제대로 먹어도 아깝지 않아요 예약이 쉽지 않다는게 단점입니다
항상 만족스러운 식사하고 가요,항상 만족스러운 식사하고 가요
신라호텔 뷔페 식당 더파크뷰입니다 남산 자락에 위치한 호텔 뷔페 정말 맛있고 직원들이 너무 친절하답니다,신라호텔 뷔페식당 더파크뷰입니다 남산자락에 위치한 호텔뷔페 정말 맛있고 직원들이 너무친절하답니다
맛있어요,맛있어요
비싸지만 맛나요,비싸지만 맛나요
굿,굿
굿,굿
음식이 다양하고 전반적으로 다 맛있어요 무엇보다 다들 친절하고 서비스가 너무 좋아요,음식이 다양하고 전반적으로 다 맛있어요 무엇보다 다들 친절하고 서비스가 너무 좋아요
엄마랑 디너로 다녀 왔어요 맛있게 먹고 옵니다,엄마랑 디너로 다녀왔어요 맛있게 먹고 옵니다
두 번째 방문 여전히 맛있고 사람은 많아요,두번째 방문 여전히 맛있고 사람은 많아요
메뉴가 훌륭 합니다,메뉴가 훌륭 합니다
샐러드 너무 맛있어요,샐러드 너무 맛있어요
생일이라서 특별하게 식사할려고 왔어요 너무너무 좋았습니다,생일이라서 특별하게 식사할려고 왔어요 너무너무 좋았습니다
소소하게 한 끼 하기 좋네요,소소하게 한끼 하기 좋네요
맛잇구 친절해요,맛잇구 친절해요
굿,굿
넘 맛있어요 기념일에 꼭 강추,넘 맛있어요 기념일에 꼭 강추
서비스가 너무 좋아요 굿굿,서비스가 너무 좋아요 굿굿
굿,굿
비싼 만큼 굿굿 양갈비,비싼만큼 굿굿 양갈비
맛있어요 한식 레스토랑이 따로 있어서 그런지 한식 라인은 아예 없어서 좀 아쉬웠지만 종종 가 볼 만합니다아,맛있어요 한식 레스토랑이 따로 있어서 그런지 한식라인은 아예 없어서 좀 아쉬웠지만 종종 가볼만합니다아
더파크뷰 오랜만 너무 친절하시고 음식도 다 맛있음 두 시간 너무 짧다,더파크뷰 오랜만 너무 친절하시고 음식도 다 맛있음 두시간 너무 짧다
파크뷰는 개인적으로 서울보다 제주를 훨씬 좋아하는 데 서울도 음식이 꽤 괜찮아졌네요 그래도 여전히 일식 섹션은 아쉽습니다,파크뷰는 개인적으로 서울보다 제주를 훨씬 좋아하는 데 서울도 음식이 꽤 괜찮아졌네요 그래도 여전히 일식섹션은 아쉽습니다
마시써 용 근데 제주보단 덜한 듯 제주는 전복도 있는 뎅 저의 최 애 메뉴는 해삼주스 스시 치즈 초코 따끈한 디저트 이름 모름 그 외의 중식 도 훌륭하고 워낙 유명하지용 파스타도 맛있어요,마시써용 근데 제주보단 덜한듯 제주는 전복도 있는뎅 저의 최애메뉴는 해삼주스 스시 치즈 초코 따끈한 디저트이름 모름 그 외의 중식도 훌륭하고 워낙 유명하지용 파스타도 맛있어요
엄마 모시고 주말 저녁에 식사하러 다녀 왔어요 다들 로비에서 인증샷 찍고 입장해서 먹는데 좀 비좁더라구 요 저녁이 2부제라 2시간 제한이라서 한가하게 여유롭게 먹지 못하네요 식사 중 직원이 와서 차량 번호 물어봐서 주차시간 넣어주고 계산 밀리니 미리 도와주겠다고 결제하게 하고 원활한 진행을 위한 거겠지만 1인당 15만5천원 총 4명 62만원 결제한 나는 기분이 그 렇네요 내 돈 내고 밥 먹으러 왔다가 식당 도와주고 간 느낌 요즘 식당들 맛의 퀄리티가 훌륭하고 서비스 좋은데 이 돈 내고 두 번 가 고 싶지 않네요,엄마 모시고 주말 저녁에 식사하러 다녀왔어요 다들 로비에서 인증샷 찍고 입장해서 먹는데 좀 비좁더라구요 저녁이 2부제라 2시간 제한이라서 한가하게 여유롭게 먹지못하네요 식사 중 직원이 와서 차량번호 물어봐서 주차시간 넣어주고 계산 밀리니 미리 도와주겠다고 결제하게 하고원활한 진행을 위한 거겠지만 1인당 15만5천원 총4명 62만원 결제한 나는 기분이 그렇네요 내돈 내고 밥먹으러 왔다가 식당 도와주고 간 느낌 요즘 식당들 맛의 퀄리티가 훌륭하고 서비스 좋은데 이 돈 내고 두 번 가고 싶지 않네요
맛있어요,맛있어요
굿,굿
굿,굿
명불허전,명불허전
괜찮아요 중식류가 맛있었어요,괜찮아요 중식류가 맛있었어요
전체적으로 고급스럽고 대접 받는 느낌을 주는 곳입니다 특별한 메뉴가 있어 좋았어요,전체적으로 고급스럽고 대접 받는 느낌을 주는 곳입니다 특별한 메뉴가 있어 좋았어요
주차장 헤매느라 조금 늦게 도착했지만 대게랑 고기랑 디저트 다 맛있게 먹었어요,주차장 헤매느라 조금 늦게도착했지만 대게랑 고기랑 디저트 다 맛있게먹었어요
굿,굿
대게가 다른 호텔 뷔페들 보다 크고 살이 많고 맛있었어요 음식이 다 맛있었어요 만족해요,대게가 다른 호텔 뷔페들 보다 크고 살이 많고 맛있었어요 음식이 다 맛있었어요 만족해요
좋았어요,좋았어요
음식이 전체적으로 맛있고 좋아요,음식이 전체적으로 맛있고 좋아요
굿굿,굿굿
굿,굿
맛집 총집합 부페,맛집 총집합 부페
존 맛탱 전문점을 모아놓은 곳,존맛탱 전문점을 모아놓은 곳
모든 메뉴가 다 맛있네요,모든메뉴가 다맛있네요
진짜 맛있어요,진짜 맛있어요
역시 삼대뷔페입니다 친절하고 맛있고 행복했습니다,역시삼대뷔페입니다 친절하고맛있고 행복했습니다
전체적으로 음식에 대한 만족도는 꽤 높습니다 다 만 가격 대비 적정한가에 대해서는 좀 의 문입니다 중식을 많이 기대했는데 기대에 못 미쳤고 스시 코너도 빈약한 감이 있습니다 테이블에 인원마다 주시는 스프는 정말 맛 있었도 특히 디저트 류가 맛있습니다 배 부른 상태인데도 레몬 케이크는 베스트였어요 또 직원 분들이 친절하셔서 인상 깊었습니다,전체적으로 음식에 대한 만족도는 꽤 높습니다 다만 가격 대비 적정한가에 대해서는 좀 의문입니다 중식을 많이 기대했는데 기대에 못미쳤고 스시 코너도 빈약한 감이 있습니다 테이블에 인원마다 주시는 스프는 정말 맛있었도 특히 디저트류가 맛있습니다 배부른 상태인데도 레몬케이크는 베스트였어요 또 직원분들이 친절하셔서 인상 깊었습니다
양고기랑 대게가 특히 맛있어요 한 번쯤 가 볼 만한 곳입니다,양고기랑 대게가 특히 맛있어요 한 번쯤 가볼만한 곳입니다
기념일에 식사하기 좋네요,기념일에 식사하기 좋네요
디저트와 과일 먹으러 가는데 계절에 따라 과일이 차이가 있음 가성비가 좋다고 말하긴 어려움 주차장 발렛 안 하면 사용 불편 등산해야 함 중식 좋고 디저트 과일이 좋음 직원들이 내부 정리를 조용히 잘해줌 인원이 많아도 시장 같지 않게 정리해주는 게 신 라의 장점,디저트와 과일 먹으러 가는데 계절에 따라 과일이 차이가 있음 가성비가 좋다고 말하긴 어려움 주차장 발렛 안하면 사용 불편 등산해야함 중식좋고 디저트 과일이 좋음 직원들이 내부 정리를 조용히 잘해줌 인원이 많아도 시장같지 않게 정리해주는 게 신 라의 장점
가격은 올랐지만 맛있고 친절했습니다 평일 점심에 가니 디너와 주말에 비해 사람이 붐비지 않아서 좋았어요,가격은 올랐지만 맛있고 친절했습니다 평일 점심에 가니 디너와 주말에 비해 사람이 붐비지않아서 좋았어요
직원 분들이 친절하고 음식도 대체적으로 맛있었어요 오렌지쥬스가 넘나 맛있어서 6잔이나 마셨다지요,직원분들이 친절하고 음식도 대체적으로 맛있었어요 오렌지쥬스가 넘나 맛있어서 6잔이나 마셨다지요
선물 받아서 갓어요 맛 잇네요,선물받아서 갓어요 맛잇네요
좋아요,좋아요
good,good
굿,굿
음식 구성 무난하고 항상 친절한 곳,음식 구성 무난하고 항상 친절한 곳
뷔페 중 제일 좋아해요,뷔페 중 제일 좋아해요
굿,굿
굿,굿
그냥 먹을 만 했어요,그냥 먹을만 했어요
비싸지만 맛있고 직원 분들이 너무 친절해서 잘 먹고 왔습니다,비싸지만 맛있고 직원분들이 너무친절해서 잘 먹고 왔습니다
좋은 곳에 가니 기 분 좋은 대접을 받고 오네요 직원 분들이 어쩜 그렇게나 친절하신 지 감동이였어요 부담스럽지 않게 서버 분들이 잘 챙겨주시고 음식도 짜지 않고 참 맛있었어요 기억에 남는 것은 접시에 썰려 있던 베이징 덕 껍데기 부분을 담고 있었는데 고 길 썰던 직원분이 내가 껍데기만 가져가는 것을 알고 요청하지도 않았는데 그 자리서 추가로 썰어서 나에게 주신 것 음식집는  집게를 착각하여 소스통에 잘못 넣어서 직원분께 말씀드리니 미 소지으시며 처리해주신 점 토스트기에 사고를 좀 쳤는데 유하게 대처 하 고 처리해주신 점 너무 죄송했어요 등 역시 특급 호텔이라 그런지 직원분들의 서비스도 특급이였습니다 단지 예약 잡기가 너무 어렵네요 어렵게 예약한 보람이 있었고 음식도 최고였습니다 좋은 날 종종 찾아가려고요,좋은곳에 가니 기분좋은 대접을 받고 오네요 직원분들이 어쩜 그렇게나 친절하신지 감동이였어요 부담스럽지 않게 서버분들이 잘 챙겨주시고 음식도 짜지않고 참 맛있었어요 기억에 남는 것은 접시에 썰려있던 베이징덕 껍데기 부분을 담고있었는데 고길 썰던 직원분이 내가 껍데기만 가져가는 것을 알고 요청하지도 않았는데 그자리서 추가로 썰어서 나에게 주신 것 음식집는 집게를 착각하여 소스통에 잘못 넣어서 직원분께 말씀드리니 미소지으시며 처리해주신점 토스트기에 사고를 좀 쳤는데 유하게 대처하 고 처리해주신 점 너무 죄송했어요 등 역시 특급 호텔이라 그런지 직원분들의 서비스도 특급이였습니다 단지 예약잡기가 너무 어렵네요 어렵게 예약한 보람이 있었고 음식도 최고였습니다 좋은날 종종 찾아가려고요
친구 생일에 맞춰 처음 방문했어요 맛있다는 후기가 많아서 엄청 기대하고 갔죠 평소에도 뷔페는 그닥 선호하는 편이 아녔는데 역시나 여기도 그냥 저냥 다양하게 맛 볼 수 있는 건 너무 좋았는데 해산물 중 새우 먹다가 비린 뒤로는 입맛이 싹 사라졌어 요 그렇다고 안 먹은 건 아닌데 무얼 먹더라도 맛있다고 느껴지지 않아서 아쉬웠네요 아 그렇지만 양고기와 버섯 스프는 진짜 맛있었어요 양고기 진짜 냄새 0,친구 생일에 맞춰 처음 방문했어요 맛있다는 후기가 많아서 엄청 기대하고 갔죠 평소에도 뷔페는 그닥 선호하는 편이 아녔는데 역시나 여기도 그냥저냥 다양하게 맛 볼 수 있는 건 너무 좋았는데 해산물 중 새우 먹다가 비린 뒤로는 입맛이 싹 사라졌어 요 그렇다고 안 먹은 건 아닌데 무얼 먹더라도 맛있다고 느껴지지 않아서 아쉬웠네요 아 그렇지만 양고기와 버섯스프는 진짜 맛있었어요 양고기 진짜 냄새 0
음식 맛있네요,음식맛있네요
식사권 있어서 갔어요 너무 비싸서 제 돈 주고 먹기 아깝지만 특별한 날 가 기 좋아요,식사권 있어서 갔어요 너무 비싸서 제 돈 주고 먹기 아깝지만 특별한 날 가기 좋아요
최고입니다 음식 정말 맛있어요 친절해서 좋아요,최고입니다 음식 정말 맛있어요 친절해서 좋아요
분위기 좋고 맛있어요,분위기 좋고 맛있어요
너무 맛있어요 부담스럽지 않은 친절함,너무 맛있어요부담스럽지 않은 친절함
최고,최고
안심스테이크 굿굿,안심스테이크 굿굿
직원 분들도 친절하시고 음식 종류도 괜찮았어요 창가 자리로 예약 부탁드렸는데 뷰 좋은 창가 자리로 주셨어요 창가 자리 앉고 싶은 분들은 한 달 전에 예약하세요 수요일 1부 이용함,직원분들도 친절하시고 음식 종류도 괜찮았어요 창가자리로 예약 부탁드렸는데 뷰좋은 창가자리로 주셨어요 창가자리 앉고싶은 분들은 한달전에 예약하세요 수요일 1부 이용함
좋아요,좋아요
좋아요 주차 힘들어요,좋아요 주차힘들어요
스테이크 양갈비가 조금 더 따스했으면 하는 마음으로 아쉬웠지만 메뉴들 좋았구요 넘넘 맛있게 먹었네요,스테이크 양갈비가 조금 더 따스했으면 하는 마음으로 아쉬웠지만 메뉴들 좋았구요넘넘 맛있게 먹었네요
굿,굿
좋아여,좋아여
특별한 날 방문하기 너무 좋아요 음식도 항상 신선하고 맛있고 무엇보다 직원들 너무 친절해요 임신해서 접시드는 것도 도와 주신 다하시고 작은 배려가 돋보이는 곳입니다 감사합니다,특별한날 방문하기 너무 좋아요 음식도 항상 신선하고 맛있고 무엇보다 직원들 너무 친절해요 임신해서 접시드는것도 도와주신다하시고작은배려가 돋보이는곳입니다 감사합니다
긋,긋
2월 초 12만원대 마지막 날 디너 다녀왔습니다 그릴 중식 퀄은 역시 좋았고 대게는 데워 주셔서 괜찮았고 그 외는 특별히 기억에 남지 않네요 새로 생긴 호텔 뷔페들이 많다 보니 상대적으로 동선이 매우 불편하고 대기 줄이 더 답답하게 느껴지네요 일부 여성 직원을 제외하고는 친절함은 거의 느낄 수 없었고 남성 직원들이 매우 불쾌한 표정으로 근무하고 있어 유심히 관찰하니  여성 손님 위주로 서비스가 이뤄지는 게 인상 깊었습니다 남자인 저나 다른 남성 손님 테이블은 3번 이상 요청해야 가져다 주시는 반면 여성 손님 또는 커플 기념일로 보이는 테이블엔 미소를 띄고 빠른 응대하는 모습을 볼 수 있어서 서비스 측면에서 매우 새로운 경험이었습니다 15만원대로 가격 인상이 되었는데 더 이상 갈 이유는 못 찾았습니다,2월 초 12만원대 마지막날 디너 다녀왔습니다 그릴 중식 퀄은 역시 좋았고 대게는 데워주셔서 괜찮았고 그 외는 특별히 기억에 남지 않네요 새로생긴 호텔뷔페들이 많다보니 상대적으로 동선이 매우 불편하고 대기줄이 더 답답하게 느껴지네요 일부 여성 직원을 제외하고는 친절함은 거의 느낄 수 없었고 남성 직원들이 매우 불쾌한 표정으로 근무하고 있어 유심히 관찰하니 여성 손님 위주로 서비스가 이뤄지는게 인상깊었습니다 남자인 저나 다른 남성 손님 테이블은 3번 이상 요청해야 가져다 주시는 반면 여성손님 또는 커플기념일로 보이는 테이블엔 미소를 띄고 빠른 응대하는 모습을 볼 수 있어서 서비스 측면에서 매우 새로운 경험이었습니다 15만원대로 가격 인상이 되었는데 더이상 갈 이유는 못찾았습니다
맛있게 잘 먹고 왔어요,맛있게 잘 먹고 왔어요
양갈비나 고기가 좀 식어서 아쉬웠지만 대체적으로 음식 다 깔끔하고 맛있었어요 친절한 건 당연했고 기분 좋은 저녁 식사 였습니다,양갈비나 고기가 좀 식어서 아쉬웠지만 대체적으로 음식 다 깔끔하고 맛있었어요 친절한건 당연했고 기분 좋은 저녁식사 였습니다
선물 받은 걸로 갔는데 먹을 게 많아서 좋았어요 가격은 세지만 특별한 날 가 기 좋은 것 같아요,선물받은 걸로 갔는데 먹을게 많아서 좋았어요 가격은 세지만 특별한날 가기 좋은것 같아요
분위기 좋고 음식들도 전반적으로 깔끔하고 괜찮은 편 특히 스노우 크랩 근데 디저트는 별로 네요 케이크가 너무 달아요,분위기 좋고 음식들도 전반적으로 깔끔하고 괜찮은 편 특히 스노우 크랩 근데 디저트는 별로네요 케이크가 너무 달아요
신라호텔 더 파크뷰 오랫만에 저녁 2부 타임 맛 잇게 먹엇습니당 후식인 딸기파인애플 오렌지 등 엄청 맛 잇게 먹엇네요,신라호텔 더 파크뷰 오랫만에 저녁 2부 타임 맛잇게 먹엇습니당 후식인 딸기파인애플오렌지등 엄청 맛잇게 먹엇네요
가족들이랑 좋은 시간 보내고 갑니다,가족들이랑 좋은 시간 보내고 갑니다
신라호텔 파크뷰는 역시 대게 맛집 물론 회도 신선했고 이 징덕 탕수육 볶음밥도 맛있슴 음식 다양 역시 국내 최고 뷔페 레스토랑 주말 런치 2부 2시 오픈 4시 클로즈 2인 258000,신라호텔 파크뷰는 역시 대게맛집 물론 회도 신선했고 이징덕 탕수육 볶음밥도 맛있슴 음식 다양 역시 국내 최고 뷔페레스토랑 주말런치 2부 2시 오픈 4시 클로즈 2인 258000
접객이 좋아요,접객이 좋아요
나박 김치랑 마카롱 스테이크 맛있었어요,나박김치랑 마카롱 스테이크 맛있었어요
맛있어요,맛있어요
정말 굿입니다,정말 굿입니다
맛있어요 좀 비싸네요,맛있어요 좀 비싸네요
맛있어요,맛있어요
너무 맛있어요,너무 맛있어요
대게 원 없이 먹고 왔어요,대게 원없이 먹고 왔어요
영수증 멋있네요 대표자 명 이부진 멋있네요 대한민국 최고 뷔페 신라호텔 더파크뷰,영수증 멋있네요 대표자명 이부진 멋있네요 대한민국 최고 뷔페 신라호텔 더파크뷰
기념일에 기 분전환하기 좋아요,기념일에 기분전환하기 좋아요
좋아요,좋아요
가족들과 좋은 시간 보내고 가요,가족들과 좋은 시간 보내고 가요
맛있어요,맛있어요
음식이 하나 하나 다 맛있어요 회도 엄청 부드럽고 직원 분들도 다 너무 친절하세요,음식이 하나하나 다 맛있어요 회도 엄청 부드럽고 직원분들도 다 너무 친절하세요
맛의 컬리티가 달라 요 강추,맛의 컬리티가 달라요 강추
맛있어요,맛있어요
마싯어요,마싯어요
처음 가본 건데 가본 고퀄리티 뷔페 중에 주차가 최악이였다는 식당은 1층이지만 주차는 쩌 멀리 해서 셔틀을 타로 가시 호텔로 가는 그런 구조 음식도 사실 실망였어요 먹을 만한 게 없었고 그나마 괜찮았던 건 안심 스테이크 였어요 두돌 아들은 파스 타만 먹구 커피는 괜찮았어요 초밥도 실망 줄도 길지만 연어랑 참치 초밥만 먹는 저로써는 초밥이 선택권 없이 셰프가 주는 거  받아가는 거이기에 선택권이 없었다는 대게 기대하고 갔는데 의 외로 좀 실망였어요,처음 가본건데 가본 고퀄리티 뷔페 중에 주차가 최악이였다는 식당은 1층이지만 주차는 쩌 멀리해서 셔틀을 타로 가시 호텔로 가는 그런 구조 음식도 사실 실망였어요 먹을만한게 없었고 그나마 괜찮았던건 안심스테이크 였어요 두돌 아들은 파스 타만 먹구 커피는 괜찮았어요 초밥도 실망 줄도 길지만 연어랑 참치 초밥만 먹는 저로써는 초밥이 선택권없이 셰프가 주는거 받아가는 거이기에 선택권이 없었다는 대게 기대하고 갔는데 의외로 좀 실망였어요
좋아요,좋아요
굿,굿
가본 부페 중 최고였어요,가본 부페 중 최고였어요
굿굿 명 불허전,굿굿 명불허전
양갈비 등 심대게 언제나 맛있어요,양갈비등심대게 언제나 맛있어요
그냥 그래요 음식 가짓수가 그리 많지 않은 건 둘째치고 맛이 그다지 없고 리셉션에 계신 분들은 엄청 친절했는데 디저트 섹션에서 실망했어요 그릇이 너무 뜨거워서 잡다가 앗 뜨거하고 놓쳤는데 바로 앞 직원분 무표정으로 밑에 잡으세요 딱 한마디 하더라고요 괜찮으세요 라는 한마디 없던 것도 좀 불편했고 밑에 잡아야 한다는 건 미리 언급해줘야 하는 부분이 아닌가 싶었습니다 주차도  불편하고 이래저래 전반적으로 금액 대비 만족도가 떨어지는 식사였습니다 다시 올 일은 없을 듯하네요,그냥 그래요음식 가짓수가 그리 많지 않은건 둘째치고 맛이 그다지 없고리셉션에 계신분들은 엄청 친절했는데 디저트섹션에서 실망했어요그릇이 너무 뜨거워서 잡다가 앗 뜨거하고 놓쳤는데 바로 앞 직원분 무표정으로 밑에 잡으세요 딱 한마디 하더라고요 괜찮으세요 라는 한마디 없던 것도 좀 불편했고 밑에 잡아야한다는건 미리 언급해줘야하는 부분이 아닌가 싶었습니다 주차도 불편하고 이래저래 전반적으로 금액대비 만족도가 떨어지는 식사였습니다 다시 올 일은 없을듯하네요
맛이며 분위기 굿굿,맛이며 분위기 굿굿
처음 전화 예약 때부터 친절한 직원분의 목소리에 기 분 좋았습니다 예약 후 방문했을 때도 맛은 당연히 기본이고 깔끔하고 맛있어요 모든 직원 분들이 친절해서 식사 후 집에 올 때까지도 기 분 좋았습니다 서비스가 최고네요,처음 전화예약때부터 친절한 직원분의 목소리에 기분좋았습니다 예약후 방문했을때도 맛은 당연히 기본이고 깔끔하고 맛있어요 모든 직원분들이 친절해서 식사후 집에올때까지도 기분 좋았습니다 서비스가 최고네요
서비스도 좋고 맛있었어요,서비스도 좋고 맛있었어요
또 가고 싶어요 디저트 맛집,또가고싶어요 디저트맛집
좋아요,좋아요
일단 라센느와 비교해 먹을 게 없음 먹을 것 두 없는데 컵에서 물비린내가 나서 3번이나 바꿔달라 해도 계속 났음 아리아나 라센 느 가세요,일단 라센느와비교해 먹을게 없음 먹을것두 없는데 컵에서 물비린내가 나서 3번이나 바꿔달라해도 계속 났음 아리아나 라센느 가세요
얼음잔도 티스푼도 다 자리에서 요청해야 해서 번거로웠던 것 같고 음식 맛은 쏘쏘,얼음잔도 티스푼도 다 자리에서 요청해야해서 번거로웠던것 같고 음식 맛은 쏘쏘
한 번씩 가기 괜찮은 거 같아요,한번씩가기 괜찮은거 같아요
여기가 호텔 뷔페 중에선 젤 맛있네요,여기가 호텔 뷔페중에선 젤 맛있네요
말해 뭐 합니까 파크뷰 최고죠 근데 여긴 사람이 코로나 이후 더 많아진 거 같아요,말해뭐합니까 파크뷰최고죠 근데 여긴 사람이 코로나 이후 더 많아진거 같아요
음식은 맛있고 친절한데 주차는 별로에요,음식은 맛있고 친절한데 주차는 별로에요
뷔페 식당 특성상 사람이 많아 아쉬웠습니다 예약 당시 입구 쪽으로 자리를 안내 받을 수 있다고 들었지만 입구 쪽이라 사람들이 왕래할 때 아무래도 신경이 많이 쓰였습니다 그럼에도 호텔리어 분들의 서비스가 훌륭하고 음식 맛도 좋았기에 45점 드리고 싶습니다,뷔페 식당 특성상 사람이 많아 아쉬웠습니다 예약 당시 입구쪽으로 자리를 안내 받을 수 있다고 들었지만 입구쪽이라 사람들이 왕래할 때 아무래도 신경이 많이 쓰였습니다 그럼에도 호텔리어분들의 서비스가 훌륭하고 음식맛도 좋았기에 45점 드리고 싶습니다
감사합니다,감사합니다
직원 분들 전부 친절하시고 메뉴도 엄청 다양해서 종류별로 조금씩만 먹었는데도 배불렀어요 거리두기는 안 되는 거 같아 요 테이블 간 간격이 좁아요 실물 카드 아니면 발렛도 안 되서 불편하구요,직원분들 전부 친절하시고 메뉴도 엄청 다양해서 종류별로 조금씩만 먹었는데도 배불렀어요 거리두기는 안되는거같아요 테이블간 간격이 좁아요 실물카드 아니면 발렛도 안되서 불편하구요
가족들과 방문했어요 특별한 날 좋은 사람들과 함께,가족들과 방문했어요 특별한날 좋은 사람들과 함께
뷰가 멋져요,뷰가 멋져요
굿굿,굿굿
맛있고 친절합니다,맛있고 친절합니다
위치나 뷰는 좋으네요 음식은 기 대보단 종류도 좀 작고 대게도 속살이 좀 부드럽지 않고 유명하다는 안심도 그닥 한식도 종류 많지 않아 요 디저트는 최근에 간 호텔 중 손에 꼽히게 좋아요 아이스커피가 제공되지 않아 아쉬웠구요,위치나 뷰는 좋으네요 음식은 기대보단 종류도 좀 작고 대게도 속살이 좀 부드럽지 않고 유명하다는 안심도 그닥 한식도 종류 많지 않아요 디저트는 최근에 간 호텔중 손에 꼽히게 좋아요 아이스커피가 제공되지 않아 아쉬웠구요
마카롱 진짜 맛있어요,마카롱 진짜맛있어요
좋아요,좋아요
직원 분들도 너무 친절하시고 음식도 맛있었어요 특히 추천에 많은 안심 스테이크 너무 부드럽고 맛있었어요,직원분들도 너무 친절하시고 음식도 맛있었어요 특히 추천에 많은 안심스테이크 너무 부드럽고 맛있었어요
굿,굿
명불허 전 자리에서 일어나기가 너무 아쉽고 이 정도 밖에 못 집어넣는 내가 싫고 너무 맛있고 분위기 너무 좋아요 기념일에 이만한 곳이 없습니다,명불허전 자리에서 일어나기가 너무 아쉽고 이 정도 밖에 못 집어넣는 내가 싫고 너무 맛있고 분위기 너무 좋아요 기념일에 이만한 곳이 없습니다
오랜만에 기 분전환도 할 겸 멋진 곳에 다녀 왔어요 서비스도 좋고 여러 가지 음식도 다 맛 있었어요 생각보다 사람이 많네요 가끔 호텔 뷔페는 가볼 만한 것 같아요,오랜만에 기분전환도 할겸 멋진곳에 다녀왔어요 서비스도 좋고 여러가지 음식도 다 맛 있었어요 생각보다 사람이 많네요 가끔 호텔뷔페는가볼만한것 같아요
주차료 비싸요,주차료 비싸요
다양한 음식 대 게스테이크 디저 틀류 초밥 등 맛 나네요 분위기 좋습니다,다양한 음식 대게스테이크디저틀류초밥 등 맛나네요 분위기 좋습니다
전반적으로 음식이 전부 맛있었고 직원 분들도 친절했어요 전 회는 쏘 쏘했어요,전반적으로 음식이 전부 맛있었고 직원분들도 친절했어요 전 회는 쏘쏘했어요
생일이라 방문했는데 음식이 다 맛있네요 특히 베이커리 디저트는 정말 맛있어요,생일이라 방문했는데 음식이 다 맛있네요 특히 베이커리 디저트는 정말 맛있어요
좋아요,좋아요
주말 성인 129천원 4멍 부모님 생신이라 한 달 전부터 예약한 뷔폐 가격 대비 정말 실망한 뷔폐 중식만 먹을 만하고 LA 갈비 스테이크 맛있고 나머지 고 긴 별로 일식 코너 회 4가지가 고작 싱싱도 떨어지고 참치는 완전 싸구려 비린 맛 초밥 달랑 4가지 질 떨 어짐 특히 한식 코너 야채만 있고 그 흔한 육회 없고 간장게장 나 물 곡물밥 없음 한식 코너 완전 부실함 부모님 모시고 오기엔 질 떨어지는 일반 뷔 폐정 도 수준 6만원대면 가격적당할 듯 리버 사이드 뷔 폐보다 못함 조선호텔 뷔폐 역시 못 딸아가네 돈만 버림 맛없이 배부름 왕짜증남,주말 성인 129천원 4멍 부모님생신이라 한달전부터 예약한뷔폐 가격대비 정말 실망한뷔폐 중식만 먹을만하고 LA갈비스테이크 맛있고 나머지 고긴별로 일식코너 회4가지가고작 싱싱도 떨어지고 참치는 완전싸구려 비린맛초밥 달랑 4가지 질떨 어짐 특히 한식코너 야채만 있고 그흔한육회없고간장게장나물곡물밥없음 한식코너 완전부실함 부모님 모시고오기엔질떨어지는 일반뷔폐정도수준 6만원대면 가격적당할듯리버사이드뷔폐보다 못함 조선호텔뷔폐 역시못딸아가네 돈만버림 맛없이배부름 왕짜증남
좋아하는 곳,좋아하는 곳
직원 분들 넘 친절 하구 맛있는 식사였습니다,직원분들 넘 친절하구 맛있는식사였습니다
잘 먹고 갑니다,잘먹고갑니다
굿,굿
너무 좋았습니다,너무 좋았습니다
너무 맛있게 잘 먹었습니다 직원 분들도 너무 친절하시고 덕분에 즐거운 생일을 보냈습니다,너무 맛있게 잘 먹었습니다 직원분들도 너무 친절하시고 덕분에 즐거운 생일을 보냈습니다
직원들이 친절해서 좋은 인상을 받았습니다 음식은 전반적으로 호불호 없이 깔끔 신선한 느낌,직원들이 친절해서 좋은 인상을 받았습니다 음식은 전반적으로 호불호없이 깔끔 신선한 느낌
한번쯤 분위기 내러 가보는 건 좋을 거 같지만 그 이상은 비추 그래도 직원들 모두 친절하고 기 분 좋은 방문이었어요,한번쯤 분위기내러 가보는건 좋을거같지만 그이상은 비추 그래도 직원들모두친절하고 기분좋은 방문이었어요
어버이날에 잘 이용했습니다 다 만 이 가격에 음료수를 별도로 받는 건 심지어 비쌈 그리고 접시 너무 무거워 요,어버이날에 잘 이용했습니다 다만 이 가격에 음료수를 별도로 받는건 심지어 비쌈 그리고 접시 너무 무거워요
여기서는 누구나 쯔양이 될 수 있어 용,여기서는 누구나 쯔양이 될 수 있어용
최고네요,최고네요
홍차랑 케익 너무 맛있어 여,홍차랑 케익 너무 맛있어여
서비스가 정말 좋았습니다 음식 맛도 정말 좋았습니다,서비스가 정말 좋았습니다 음식맛도 정말 좋았습니다
탕수육만 빼구 모든 음식 다 너무 맛있구 친절하시 구 역 쉬 파크뷰,탕수육만 빼구 모든음식 다 너무맛있구 친절하시구 역쉬 파크뷰
음식 맛도 서비스도 굿굿 가격은 호텔이니 무시하고 창 측은 뷰는 좋으나 저녁 되니 춥다 가격 빼고 다 만족스런 곳,음식맛도 서비스도 굿굿 가격은 호텔이니 무시하고 창측은 뷰는 좋으나 저녁되니 춥다 가격빼고 다 만족스런 곳
최고 이요 서비스,최고이요 서비스
맛있어요,맛있어요
음식 퀄리티는 좋으나 손이 가는 음식은 딱히,음식 퀄리티는 좋으나 손이 가는 음식은 딱히
음식 온도가 대체적으로 안 맞음 식어 있는 느낌 매운 메뉴가 있으면 좋겠다,음식 온도가 대체적으로 안맞음 식어 있는 느낌 매운 메뉴가 있으면 좋겠다
언제 가도 기 분 좋은 곳 맛도 서비스도,언제 가도 기분좋은 곳 맛도 서비스도
뭐 묻따 말 직원 분들 늘 친절하고 모든 음식이 재료에 충실한 건강한 맛 맛있습니다 기분이 좋아지는 파크뷰입니다,뭐묻따말 직원분들 늘 친절하고 모든 음식이 재료에 충실한 건강한 맛 맛있습니다 기분이 좋아지는 파크뷰입니다
맛있음 다만 여기가 몇 대 뷔페라고 불릴 만한 가는 애매하다 고기는 확실히 좋음 비슷한 급에서도 상위권 하지만 나머지는 평범함,맛있음 다만 여기가 몇대뷔페라고 불릴만한가는 애매하다 고기는 확실히 좋음 비슷한급에서도 상위권 하지만 나머지는 평범함
접시만 좀 더 빨리 치워준다면 좋겠다,접시만 좀더 빨리치워준다면 좋겠다
오늘은 맛있는 게 별로 없었네요,오늘은 맛있는게 별로 없었네요
디저트 맛있어요,디저트 맛있어요
짱맛다 맛나요 서비스 끝판왕 직원분들 어쩜 그렇게 친절한 거죠 잘 먹고 왔습니다,짱맛다맛나요서비스 끝판왕직원분들 어쩜 그렇게 친절한거죠잘먹고 왔습니다
직원 분들도 너무 친절하고 맛있어 용,직원분들도 너무 친절하고 맛있어용
역시 부페1등,역시 부페1등
갈 때마다 만족스럽지만 사람이 많을 때는 피해야겠어요,갈때마다 만족스럽지만 사람이 많을 때는 피해야겠어요
좋아요,좋아요
굿,굿
맛있어요 친절해요,맛있어요 친절해요
굿,굿
좋아요,좋아요
친절하고 음식은 맛있었어요,친절하고 음식은 맛있었어요
좋아요,좋아요
롯데호텔서울 라세느 대비 아쉬운 점이 많았습니다 음식 가짓수도 적 고 초밥이나 회에서는 비린내가 나는 것들도 있었구요 반면에 디저트는 아주 만족스러웠습니다,롯데호텔서울 라세느 대비 아쉬운점이 많았습니다 음식 가짓수도 적고 초밥이나 회에서는 비린내가 나는 것들도 있었구요 반면에 디저트는 아주 만족스러웠습니다
직원 분들 너무너무 친절하세요 직원분들 때문에 다시 방문할 듯합니다,직원분들 너무너무친절하세요 직원분들때문에 다시방문할듯합니다
특별한 음식은 없지만 재료들이 신선하고 기본적인 메뉴들로 이루어져 있어 부담 없이 가 기 좋은 곳 가성비 굿,특별한 음식은 없지만 재료들이 신선하고 기본적인 메뉴들로 이루어져있어 부담없이 가기 좋은 곳 가성비 굿
역시 신라호텔 최고네요 고객 응대도 좋았고 음식 맛도 훌륭했습니다,역시 신라호텔 최고네요 고객 응대도 좋았고 음식맛도 훌륭했습니다
좋아요 케익 종류 맛 좋네요,좋아요 케익종류 맛 좋네요
맛과 친절 모두 굿입니다,맛과 친절 모두 굿입니다
종류는 보통인데 재료의 퀄리티가 좋아요,종류는 보통인데 재료의 퀄리티가 좋아요
잘 쉬다 갑니다,잘쉬다갑니다
서울신라호텔 발렛,서울신라호텔발렛
좋아요,좋아요
발렛 이용 했는데 편해요 애 있는 집 강추,발렛 이용 했는데편해요 애 있는집 강추
명불허 전 신라호텔 더파크뷰,명불허전 신라호텔 더파크뷰
잘 다녀 왔습니다,잘 다녀왔습니다
정말 맛 있었어요,정말 맛있었어요
언제가 도 서비스는 만족이요,언제가도 서비스는 만족이요
맛있어요,맛있어요
한 때 일 년에 여러 번 방문했던 곳이에요 근데 매번 음식이 비슷해서 일 년에 한 번 갔다가 좀 질려서 몇 년 동안 안 갔다가 다시 방문했는데 여전히 메뉴는 비슷하네요 근데 언제나 그렇듯 서비스는 최고입니다,한 때 일년에 여러번 방문했던 곳이에요 근데 매번 음식이 비슷해서 일년에 한번 갔다가 좀 질려서 몇 년 동안 안 갔다가 다시 방문했는데 여전히 메뉴는 비슷하네요 근데 언제나 그렇듯 서비스는 최고입니다
과일류가 조금 아쉬웠지만 전반적으로 맛있게 잘 먹었습니다 만족도로 생각한 가면 같은 가격에 단품 메뉴를 먹는 게 더 나을 거 같다는 생각도 들어요,과일류가 조금 아쉬웠지만 전반적으로 맛있게 잘 먹었습니다 만족도로 생각한가면 같은가격에 단품메뉴를 먹는게 더 나을거 같다는 생각도 들어요
디너에 서빙되는 스프 존 맛탱,디너에 서빙되는 스프 존맛탱
맛있어요 히히,맛있어요 히히
왜 비싼 지 알겠어요 진짜 맛있음,왜 비싼지 알겠어요 진짜 맛있음
말이 필요 없죠 모든 음식이 감탄스러웠어요 짜장면 최고 하지만 크로와상은 실망내 단골 웰브라운 맛을 이길 순 없었어요 평택 웰브라운이 짱,말이 필요없죠 모든 음식이 감탄스러웠어요 짜장면 최고 하지만크로와상은 실망내 단골 웰브라운 맛을 이길 순 없었어요 평택 웰브라운이 짱
친절하고 음식 상태 모두 좋았어요 줄 서서 먹는다고들 했는데 그렇게 붐비는 것도 아니고 편안하게 식사했네요,친절하고 음식상태 모두 좋았어요 줄서서 먹는다고들 했는데 그렇게 붐비는 것도 아니고 편안하게 식사했네요
음식이 맛은 좋은데 고기 같은 따뜻한 음식이 좀 식었어요 친절합니다,음식이 맛은 좋은데 고기같은 따뜻한 음식이 좀 식었어요 친절합니다
맛있어요 또 가고 싶네요,맛있어요 또 가고싶네요
샐러드 좋아하는데 종류가 굉장히 다양해서 좋았어요 회도 맛있고 과일도 맛있네요,샐러드 좋아하는데 종류가 굉장히 다양해서 좋았어요 회도 맛있고 과일도 맛있네요
너무 맛있고 좋았습니다 공사를 해서 좀 어 수선 하긴 했지만 친절하고 좋네요,너무맛있고 좋았습니다 공사를 해서 좀 어수선 하긴 했지만 친절하고 좋네요
언제와도 꿀맛 보장 단품도 맛나요,언제와도 꿀맛 보장 단품도 맛나요
언제가 도 친절하시고 분위기도 좋아요,언제가도 친절하시고 분위기도 좋아요
존 맛탱,존맛탱
내 돈 주곤 안 갈 듯,내돈주곤 안갈듯
역시 국내 최고의 뷔페네요 직원들도 엄청 친절하시고 접시도 빨리빨리 치워주시고 무엇보다 음식이 맛있네요 비싸도 다시 가 볼 만한 곳입니다,역시 국내최고의 뷔페네요 직원들도 엄청 친절하시고 접시도 빨리빨리 치워주시고 무엇보다 음식이 맛있네요 비싸도 다시 가볼만한 곳입니다
갓 부진,갓부진
아무리 와도 내 최애는 여전히 라세느,아무리 와도 내 최애는 여전히 라세느
가짓수 많고 괜찮아요 음식보다는 디저트가 진짜 맛있음 메론도 맛있고요 어르신들이 좋아하심,가짓수 많고 괜찮아요 음식보다는 디저트가 진짜 맛있음 메론도 맛있고요 어르신들이 좋아하심
분위기도 좋고 맛나요,분위기도 좋고 맛나요
대체로 맛있어요 특히 한식중식류 생선요리는 비린내가 좀 나요,대체로 맛있어요 특히 한식중식류 생선요리는 비린내가 좀 나요
맛있어요,맛있어요
두말하면 잔소리 5 성급은 다르죠,두말하면 잔소리 5성급은 다르죠
국내에서 유일하게 인정하는 호텔 뷔페,국내에서 유일하게 인정하는 호텔뷔페
결혼기념일 식사하러 다녀 왔어요 여긴 수 박 체리조카도 진짜 최상품 이네요 과일도 하나같이 모두 맛있어요,결혼기념일 식사하러 다녀왔어요 여긴 수박 체리조카도 진짜 최상품 이네요 과일도 하나같이 모두 맛있어요
좋아해요,좋아해요
다양한 메뉴와 즉석 주문 요리가 정말 많습니다 조식으로 이 정도 구성하는 곳은 많지 않은데 항상 만족스러워요 다만 호텔에 게스트가 많다 보니 당연히 레스토랑도 좀 붐비는 점이 아쉽습니다 정신이 없어서 얼른 먹고 일어나야 할 때가 많아요,다양한 메뉴와 즉석주문요리가 정말 많습니다 조식으로 이정도 구성하는곳은 많지 않은데 항상 만족스러워요 다만 호텔에 게스트가 많다보니 당연히 레스토랑도 좀 붐비는점이 아쉽습니다 정신이 없어서 얼른 먹고 일어나야할때가 많아요
디너만 자주 가 다가 브런치 오랜만에 갓는데 예전만 못하지만 괜찮네요,디너만 자주 가다가 브런치 오랜만에 갓는데 예전만 못하지만 괜찮네요
정말 완벽한 서비스입니다 근데 맛이 예전만 못하네요 그래도 만족합니다,정말 완벽한 서비스입니다 근데 맛이 예전만 못하네요 그래도 만족합니다
좋아요,좋아요
수십만원 내고 식사했는데 주차권도 주지 않고 발렛 파킹비 25000원 유료로 다 받더니 차 갖고 오는 걸 1시간씩 기다리게 하는 게 불쾌했습니다 차 안엔 dmb도 켜져 있었어요 발렛 파킹 기다리는 의자도 몇 개 안 돼서 앉을 데 없이 다들 꼬박 서서 오래 기다렸고 로비에서 이용객들 다들 불만인 가운데 어떤 가족 남성분들은 참 다 못해서 고성이 오가기도 했습니다 가족 식사  모시고 갈 땐 다시 생각해보시길 예전 이랑 비교해서 서비스가 안 좋아진 거 같아 요 좋아하는 호텔이라 여러 번 이용했는데 불쾌했습니다,수십만원 내고 식사했는데 주차권도 주지 않고 발렛파킹비 25000원 유료로 다 받더니 차갖고 오는걸 1시간씩 기다리게 하는게 불쾌했습니다 차 안엔 dmb도 켜져있었어요 발렛파킹 기다리는 의자도 몇개 안돼서 앉을데 없이 다들 꼬박 서서 오래 기다렸고 로비에서 이용객들 다들 불만인 가운데 어떤 가족 남성분들은 참다 못해서 고성이 오가기도 했습니다 가족식사 모시고 갈땐 다시 생각해보시길 예전이랑 비교해서 서비스가 안좋아진거 같아요 좋아하는 호텔이라 여러번 이용했는데 불쾌했습니다
음식들이 너무 맛있어 용,음식들이 너무 맛있어용
맛있어요,맛있어요
모임 시 방문하기 좋아요,모임시 방문하기 좋아요
역시 조식 맛집 엄마 입맛에도 괜찮으셨나 봐요,역시 조식 맛집 엄마 입맛에도 괜찮으셨나봐요
항상 가서 배 부르게 잘 먹고와요 분위기도 좋고 만족스러워요 다양한 음식들이 있어서 재방문 의사 100,항상 가서 배부르게 잘 먹고와요 분위기도 좋고 만족스러워요 다양한 음식들이 있어서 재방문 의사 100
최고였습니다,최고였습니다
게살 스프 정말 맛 있었어요 분위기도 좋고 다만 가격 대비 음식은 약간 비싸다 싶음,게살스프 정말 맛있었어요 분위기도 좋고 다만 가격대비 음식은 약간 비싸다 싶음
최고에요,최고에요
늘 그렇듯 맛있고 즐거워요 로비도 너무 분위기 있습니다,늘 그렇듯 맛있고 즐거워요 로비도 너무 분위기 있습니다
맛있어요,맛있어요
가격 대비 별로 임,가격대비 별로 임
재료가 신선하고 서비스가 좋았어요,재료가 신선하고 서비스가 좋았어요
오붓한 시간을 보냈습니다 분위기와 편의 제공 등 모든 것이 만족스러웠습니다 다음 기회에 다시 방문하겠습니다 감사합니다,오붓한 시간을 보냈습니다 분위기와 편의 제공 등 모든 것이 만족스러웠습니다 다음 기회에 다시 방문하겠습니다 감사합니다
예약석이라 그런지 자리도 너무 좋고 음식도 맛있었어요,예약석이라 그런지 자리도 너무 좋고 음식도 맛있었어요
맛있는 것도 너무 많고 서비스도 친절했어요 메뉴 종류가 많아서 입맛 까다로우 신 부모님 모시고 가기에도 참 좋은 것 같아 요 한 달 전에 예약했더니 창가 쪽 뷰 좋은 자리로 주셔서 만족했습니다 감사합니다,맛있는 것도 너무 많고 서비스도 친절했어요 메뉴 종류가 많아서 입맛 까다로우신 부모님 모시고 가기에도 참 좋은 것 같아요 한달 전에 예약했더니 창가쪽 뷰좋은 자리로 주셔서 만족했습니다 감사합니다
최고의 서비스,최고의 서비스
