reviewer,date,weekday,review,N,V
shooooooo,2024-06-07,금요일,종류도 알차게 많고 다 맛있어요,종류,알차다 많다 맛있다
쥴리08,2024-05-23,목요일,커피랑 브런치크림파스타 먹었어요 오늘따라 파스타가 불어서나왔더라구요 역시 신라 커피는 맛있어용,커피 브런치 크림 파스타 파스타 신라 커피,먹다 불다 나오다 맛있다
illiiilillil,2024-05-19,일요일,직원분들 너무 친절하시고 음식맛은 대한민국 호텔부페 넘버원인데 말해뭐해 입니다 조금씩 일찍 입장 시켜주시는 융통성도 좋아요 쬐끔 아쉬운건 의외로 과일류 구색이 약하다는 거,직원 친절 음식 맛 대한민국 호텔 부페 넘버원 뭐 조금 입장 융통 거 일류 구색 거,이다 좋다 아쉽다 약하다
DEAN KIL,2024-05-04,토요일,비싸지만 좋은곳,곳,비싸다 좋다
이진욱쨩,2024-04-21,일요일,항상 친절하시고 음식도맛있네요,친절 음식,맛있다
민트쵸코75,2024-04-10,수요일,디저트류가 좋았어요,디저트,좋다
벚꽃나무77,2024-03-30,토요일,가성비 짱 음식맛이 넘 좋아요,가성비 짱 음식 맛,좋다
미국주식왕,2024-03-10,일요일,네번째 방문만에 창가자리에서 먹게 되어서 기쁨 그리고 카페라떼 맛집,번 방문 만 창가 자리 카페라떼 맛 집,먹다 기쁘다
맛짱루피,2024-02-25,일요일,분위기 좋아요,분위기,좋다
juehhhhh,2024-02-25,일요일,부모님 효도여행으로 방문 신라호텔 호캉스도 시켜드리고 뷔페도 먹었는데 만족해하시더라구요 다른 뷔페들보다 더 맛있다고 하셔서 뿌듯했습니다,부모 효도 여행 방문 신라 호텔 호캉스도 뷔페 만족 뷔페,드리다 먹다 맛있다 뿌듯하다
CTStory,2024-02-17,토요일,240218토 너무 비쌈 애슐리 퀸즈가 짱인듯,토 애슐리 퀸즈 짱 듯,비싸다
골드곰돌이,2024-02-10,토요일,사람이 많아서 복잡하긴 하지만 맛있게 잘 먹었습니다,,많다 복잡하다 맛있다 먹다
예예예예예84,2024-02-03,토요일,비싼만큼 서비스와 맛이 있어요 특별한날 부모님과 함께 오기 좋아요,만큼 서비스 맛 특별 날 부모,비싸다 오다 좋다
tlsdmswl0725,2024-01-28,일요일,가족들이랑 저녁먹으러 갔다왔어요 음식들이 다 맛있고 매장도 깨끗했어요,가족 저녁 음식 매장,먹다 가다 오다 맛있다
ㅎ나ㅎ,2024-01-19,금요일,평일 브런치 다녀왔는데 금요일이라 그런지 사람 엄청 많네요 대게 쯔란양념등갈비 피칸파이 딸기 특히 맛있던 것 같습니다 좌석 간격이 좀 좁고 옆 좌석 이야기가 너무 잘 들리는 것은 좀 아쉬웠어요,평일 브런치 금요일 대게 쯔 양념 등갈비 피칸 파이 딸기 좌석 간격 옆 좌석 이야기,다녀오다 그렇다 많다 맛있다 좁다 들리다 아쉽다
근현이,2024-01-18,목요일,생각보다 음식이 종류가 적어서 속상해요,생각 음식 종류,적다 속상하다
까꿍쓰마미,2024-01-15,월요일,가격대비 면 그냥 그랬음 대게로 뽕뽑으라는데 막상 넘 차가워서 쉽게 물림 다른것들도 하나씩 먹었는데 맛있다 정도 디카페인바닐라라떼 맛났음 아스크림 필수,가격 대비 대게 뽕 물림 하나 정도 디카페인바닐라라떼 맛 아스 크림 필수,그렇다 뽑다 차갑다 쉽다 먹다 맛있다 나다
Reinyourheart,2024-01-09,화요일,신라호텔이 호텔 뷔페 중 1등이라고 생각하는데 이번에도 그 생각이 공고해졌습니다 음식 퀄리티가 최상입니다 가짓수도 많구요 디저트의 퀄리티도 남다릅니다,신라호텔 호텔 뷔페 생각 이번 생각 음식 퀄리티 최상 가짓수 디저트 퀄리티,공고하다 많다 남다르다
빙그레9489,2024-01-07,일요일,특별한 날 가기 좋아요,특별 날,가다 좋다
나라나57,2024-01-05,금요일,너무 맛있고 분위기 좋습니다,분위기,맛있다 좋다
ERANGMAM,2024-01-03,수요일,애기가 스테이크 너무 잘먹었어요 언제나 더파크뷰는 흠이없어요 친절함과 식사의 품질은 어느곳과 비교가되질않아요,애기 스테이크 더파크뷰 흠 친절 식사 품질 곳 비교,먹다
Jessica Park,2023-12-22,금요일,몇번 갈때 마다 늘 테이블이 협소한게 가장 아쉽지만 22일 생일이라 디너로 갔는데 서비스도 메뉴도 대만족 입니다,번 테이블 생일 디너 서비스 메뉴 만족,가다 아쉽다 가다
푸른소금8324,2023-12-17,일요일,초밥이입에서녹아요,초밥 입,녹다
zzombie87,2023-12-17,일요일,신라호텔 파크뷰 부페 맛남캅 비싸긴 하지만 맛있게 잘 먹고 갑니다 음식이 너무 맛있어서 사진을 못 찍음 집에 가는 길에 로비 장식만 찍읍니다,신라호텔 파크 뷰 부페 맛남캅 음식 사진 집 길 로비 장식,비싸다 맛있다 먹다 가다 맛있다 찍다 가다 찍다
Sky KQ,2023-12-16,토요일,너무맛있어요,,맛있다
이린스타일,2023-12-14,목요일,연말에 평일 디너를 어떻게든 다녀왔었습니다 사람이 많았지만 즐거웠고 구성이 알차서 좋았어요,연말 평일 디너 구성,어떻다 다녀오다 많다 즐겁다 알차다 좋다
KSL1,2023-12-13,수요일,분위기도 너무 좋고 음식 하나하나 다 만족해 하며 맛있게 먹고 왔습니다 샐러드 킹크랩 스시 모든 재료가 싱싱하고 맛있습니다 고기디저트러버 분들 여기 무조건 추천드립니다 만족한 저녁식사였습니다,분위기 음식 만족 샐러드 킹크랩 스시 재료 고기디저트러버 분 여기 추천 만족 저녁 식사,좋다 맛있다 먹다 오다 맛있다 드리다
아침햇살미소,2023-12-07,목요일,연말모임하기 좋아요 회랑 대게 디저트까지 푸짐해요,연말 모임 회랑 대게 디저트,좋다 푸짐하다
this7686,2023-12-03,일요일,진짜 진짜 맛나게 먹고 왓습니다 또 가고 싶네요 진짜 너무 좋앗습니다 친절함도 최고 엿음요,친절 최고 엿음요,맛나다 먹다 오다 가다 싶다 좋다
헝겉,2023-12-02,토요일,주차 타워에 대고 셔틀 혹은 걸어서 이동합니다 비용이 조금 세긴 하지만 디너 부페로 오시는거 추천하고 각자 소중한 사람들과 특별한 시간 보내기 좋습니다,주차 타워 셔틀 이동 비용 디너 부페 거 추천 특별 시간,대다 걷다 세다 오다 소중하다 보내다 좋다
이진욱쨩,2023-11-19,일요일,너무친절 음식도 너무맛있어욤 역시 신라호텔 체고,친절 음식 신라 호텔 체,맛있다
소나기5954,2023-11-19,일요일,음식이 맛있어요,음식,맛있다
소나기5954,2023-11-19,일요일,음식이 맛있어요,음식,맛있다
하쿠나마타타8510,2023-11-18,토요일,친구들 모임으로 가서 맛있게 먹고 대접받고 왔네요 양갈비 맛있다고 하는데 전 양갈비도 좋았지만 스테이크 정말 맛있었습니다,친구 모임 대접 갈비 양 갈비 스테이크,가다 맛있다 먹다 받다 오다 맛있다 좋다 맛있다
hay****,2023-11-12,일요일,대게와 양갈비를 먹어야 한다고 하더라구요 전체적으로 맛있습니다 하지만 배가 불러 힘들어요,대게 양 갈비 전체 배,먹다 맛있다 부르다 힘들다
히지123,2023-11-12,일요일,비싼만큼 값어치 하는곳 다 맛있는데 디저트먹을 배는 꼭 남겨두세요,만큼 값어치 곳 맛 디저트 배,비싸다 먹다 남기다 두다
이희로,2023-11-06,월요일,부진 언니 잘 먹고 갑니다,부진 언니,먹다 가다
뚠키부인,2023-11-05,일요일,전통의 신라 메뉴 하나하나 다 훌륭 양갈비와 안심 너무 연하고 테이블마다 나오는 스프도 맛있어요 베이커리류는 전반적으로 좀 단맛이 강함 12월부터 가격 인상해서 슬픔,전통 신라 메뉴 양 갈비 안심 테이블 스프 베이커리 전반 단맛 가격 인상 슬픔,연하다 나오다 맛있다 강하다
shf****,2023-11-05,일요일,말해뭐하나요 맛있는게 너무 많아서 배가 부른 내가 싫을 정도예요,뭐 배 정도,맛있다 많다 부르다 싫다
yr0****,2023-11-04,토요일,와이프 생일에 처음 가본 호텔 뷔페 최고였어요 아이를 위한 도화지와 색연필까지 감동이네요 재방문 의사 100입니다 대게랑 양갈비 안심스테이크는 사랑입니다 디저트 및 과일 모두 최고였어요,와이프 생일 호텔 뷔페 최고 아이 도화지 색연필 감동 방문 의사 대게 양 갈비 안심 스테이크 사랑 디저트 과일 최고,가다 보다
정구연63,2023-11-04,토요일,서울3대뷔페어서 점심 먹었는데 너무 맛있어요 중식 베이징덕 크림새우 등 최고,서울 대 뷔페 점심 중식 베이징 덕 크림 새우 최고,먹다 맛있다
나라나57,2023-10-28,토요일,다음에 또갈거에요,다음 거,가다
와구아궁,2023-10-26,목요일,베스트 메뉴는 양갈비였습니당 안심스테이크 회 대게도 진짜 배터지게 먹었네요 그리고 딤섬류도 은근 별미에요 막판에 배불러서 디저트 많이 못먹은게 아쉽네요 신라 더파크뷰 최고,베스트 메뉴 갈비 안심 스테이크 회 대게 배 딤섬 은근 별미 막판 디저트 신라 더파크뷰 최고,터지다 먹다 배부르다 먹다 아쉽다
SINCE2006,2023-10-22,일요일,신라신라했어요,신라 신라,
냐냥865,2023-10-22,일요일,메뉴 구성이 알차고 맛있어요 또가고 싶다,메뉴 구성,알차다 맛있다 가다 싶다
낭이맘62,2023-10-21,토요일,역시 신라 더 파크뷰입니다 특별한 메뉴도 메뉴지만 흔한 메뉴들도 참 정갈하고 맛있어요 특별한 날 맘 먹고 가서 맛있는 밥 먹고 왔어요 자주 가기에는 부담이지만 한번 다녀오고 나면 아주 행복합니다,신라 더 파크뷰 특별 메뉴 메뉴 메뉴 특별 날 맘 밥 부담 번 행복,정갈하다 맛있다 먹다 가다 맛있다 먹다 오다 가다 다녀오다 나다
딩두딩듀,2023-10-19,목요일,서비스카도 있고 주차장도 넓고 자리도 지정해줘서 좋음 계절음식으로 깔끔하게 되어있고 근사한 뷰 먹으면서 저녁먹기에 추천할곳 저녁에 가서 야경먹으면서 음식보자 서울의 중심지 신라호텔 재방문의사 너무있음,서비스 카 주차장 자리 지정 계절 음식 깔끔 뷰 저녁 추천 곳 저녁 야경 음식 서울 중심지 신라 호텔 방문 의사,넓다 좋다 먹다 먹다 가다 먹다 있다
쭈콩햇,2023-10-19,목요일,마카롱 너무 맛나고 양고기 냄새 안나서 좋았어용,마카롱 양고기 냄새,맛나다 나다 좋다
zi****,2023-10-15,일요일,가격은비싸지만 비싼값어치를하는곳 친절한응대와 서비스도 넘 만족,가격 값어치 곳 친절 응대 서비스 만족,비싸다 비싸다
lsh****,2023-10-09,월요일,신선하고 질이 좋습니다,질,신선하다 좋다
Happy 깡총깡총,2023-10-07,토요일,다양한 음식이 많았어요 맛있게 잘 먹었어요 휴일이라 사람이 많았어요,다양 음식 휴일,많다 맛있다 먹다 많다
또이또이이,2023-09-21,목요일,오랫만에 디너왓어요 스파클링워터 무제한이였구용 전엔 안그랫던거같은데 북경오리가 참 맛잇엇어요,오랫만 디너 스파클링 워터 제한 용 전 거 북경 오리 맛,오다 그렇다 잇다
엔유라,2023-09-14,목요일,역시 신라호텔 분위기 좋은 곳에서 맛있는 음식 잘 먹고 왔습니다 멀리 보이는 남산타워와 함께 너무 좋은 분위기였어요,신라호텔 분위기 곳 음식 남산타워 분위기,좋다 맛있다 먹다 오다 보이다 좋다
asd123364,2023-09-06,수요일,생일날 3대 호텔 신라호텔로 예약했습니다 재료는 다 신선한 편이였고 음식종류가 많은건 아니였어요 다만 있는 음식들이 다 맛있어요 배불러서 많이 못먹은게 후회되네요 디저트 케익은 정말 끝내주네요,생일날 대 호텔 신라 호텔 예약 재료 편 음식 종류 거 음식 후회 디저트 케익,신선하다 많다 맛있다 배부르다 먹다
qjfvh1291,2023-09-01,금요일,모임으로 갔는데 너무 재미있고 맛있었어요,모임,가다 재미있다 맛있다
whi****,2023-08-30,수요일,종류가 다양해요 스시맛있었고 고기류는 solo 디저트도 생각보다는 별루였어요,종류 다양 스시 고기 디저트 생각,맛있다
gpwlsdl486,2023-08-06,일요일,음식이 전체적으로 신선하고 너무너무 맛이좋았습니다 근데 디저트코너에 있는 오이라임주스는 맛이없어요 쿨라임모히토처럼 음식의 느끼함을 없애주는 음료라던지 소화에 도움될만한 매실 음료가 좋을듯해요,음식 전체 맛 디저트 코너 오이 라임 주스 맛 쿨라 모히토 음식 음료 소화 도움 만 매실 음료 듯,좋다 느끼하다 없애다 좋다
설 화,2023-08-06,일요일,굿 테이스팅,굿 테이 스팅,
또요미밍,2023-07-31,월요일,진짜 파크뷰 최고 와 또가고싶다 돈벌어야하는 이유를 찾음,파크뷰 최고 돈 이유,가다 싶다 벌다 찾다
asu****,2023-07-27,목요일,음식이 정말 맛있어요,음식,맛있다
ciao4,2023-07-25,화요일,중식 메뉴 일식 메뉴 순으로 좋았어요 안쪽 2인석이었는데 조금 더 밝았으면 싶어요 커피가 맛있었습니다,중식 메뉴 일식 메뉴 순 안쪽 인 석 커피,좋다 밝다 싶다 맛있다
가영573,2023-07-18,화요일,말해뭐해 행복하게 먹고 왔다,뭐 행복,먹다 오다
qkd****,2023-07-15,토요일,가족들이랑 너무 좋은 시간이였고 음식이 입맛에 딱이며 너무 맛있어요,가족 시간 음식 입맛,좋다 맛있다
re2na,2023-07-15,토요일,친절하고 맛있어요,친절,맛있다
후기요정짠,2023-07-09,일요일,언제가도 좋은 파크뷰,파크뷰,가다 좋다
개복치박프로,2023-07-06,목요일,팔선 너무 맛있습니다,팔선,맛있다
moolcho,2023-06-20,화요일,제일 좋아하는 뷔폐에요 가격이 오르고 더 만족도가 올라가네요 물론 가격이 비싸서 자주는 못가고 특별한날에만 갈수 있지만 맛 구성 시설 직원분들 친절 너무너무 만족하고 갑니다 한번 꼭 가보세요,일 뷔폐에요 가격 만족도 물 가격 특별 날 맛 구성 시설 직원 분 친절 만족,좋아하다 오르다 올라가다 비싸다 가다 가다 있다 가다 가다 보다
방귤이,2023-06-11,일요일,비싸지만 돈이 아깝지 않았던 오마카세먹는 것보다 훨씬 나은 호텔뷔페찬양,돈 오마카세 호텔 뷔페 찬양,비싸다 아깝다 먹다 낫다
땡큐맘7,2023-05-29,월요일,뷰도 멋지고 메뉴들도 하나하나 정성이 가득 담겨 있는 듯 담백하고 맛있었어요,뷰 메뉴 하나 하나 정성 듯,멋지다 담기다 맛있다
twinmommy,2023-05-27,토요일,안심 LA갈비 양갈비 부드럽고 맛있었어요,안심 갈비 양 갈비,부드럽다 맛있다
사악토리,2023-05-25,목요일,1주년으로 다녀왔는데 완전 만족,주년 완전 만족,다녀오다
토토어뭉,2023-05-14,일요일,생일기념으로 왔어요 기념일때 올만해요,생일 기념 기념일 만,오다 오다
냠냠이v,2023-05-12,금요일,비싸지만 한번은 가볼만 해요 역시 대한민국 1등 호텔,번 만 대한민국 호텔,비싸다 가다 보다
duf****,2023-05-01,월요일,기념일에 가기 좋고 저는 개인적으로 스테이크굽기가 딱 제가 좋아하는굽기라서 제일 맛있게먹었네요 창가앉으려면 미리 예약하는게 좋고 밤에는 잘 안보여서 창가는 낮에 추천합니다,기념일 저 개인 스테이크 저 굽 제일 창가 예약 밤 창가 낮 추천,가다 좋다 굽다 좋아하다 맛있다 먹다 앉다 좋다 보이다
해달30,2023-04-30,일요일,분위기도 좋고 맛있어요,분위기,좋다 맛있다
cok****,2023-04-23,일요일,웰컴와인에 즐거운 저녁시간 보냈어요,웰컴 와인 저녁 시간,즐겁다 보내다
fre****,2023-04-12,수요일,메뉴 알차요디저트도 맛있는데 배가 너무 불러서 대신 탄산음료는 따로 계산하셔야해요 주차는 아래에 하고 셔틀버스로 올라와서 불편한건 없었네요 특별한날 오기 좋겠어요,메뉴 디저트 맛 배 대신 탄산 음료 계산 주차 아래 셔틀버스 불편 거 특별 날,알차다 부르다 올라오다 오다 좋다
중랑구리뷰의달인,2023-04-08,토요일,친절하고 맛나용,친절,맛나다
쫑이2472,2023-04-07,금요일,아기 생일이라 가족들 룸예약해서 다녀왔는데 온라인 예약으로 성공했어요 음식도 맛있었고 서비스도 좋아 만족합니다,아기 생일 가족 룸 예약 온라인 예약 성공 음식 서비스 만족,다녀오다 맛있다 좋다
여니73,2023-03-25,토요일,간만에 가서 잘 먹고 왔어요,간만,가다 먹다 오다
celi,2023-03-24,금요일,직원분들 친절하고 음식들 다 맛있어요 특히 샐러드 파트에서는 피조개 된장무침 샐러드 엄청 맛있었네요 디저트도 두말할거 없이 훌륭 최근 가격 인상되서 아쉽지만 워낙 물가가 요동치니 어쩔수 없죠,직원 분 친절 음식 샐러드 파트 피조개 된장 무침 샐러드 디저트 두말 거 최근 가격 인상 물가,맛있다 맛있다 아쉽다 요동치다 어쩌다
조아조아핑,2023-03-19,일요일,딸기 원 없이 먹고 왔어요 많이 먹자 했는데 막상 또 많이는 못 먹게 되더라구요 디저트류 많이 먹었어요,딸기 원 디저트,먹다 오다 먹다 먹다 먹다
rkg****,2023-03-04,토요일,운좋게 뷰좋은 창가쪽에서 저녁식사했어요 음식이 하나같이 다 맛있어서 배불러오는게 너무 아까웠어요 특히 대게는 너무 맛있어서 몇 번을 먹었는지 모르겠네요왜 인기가 많은지 알겠어요,운 뷰 창가 쪽 저녁 식사 음식 배 대게 번 인기,좋다 좋다 맛있다 부르다 오다 아깝다 맛있다 먹다 모르다 많다 알다
cha****,2023-03-04,토요일,장충동에있는 호텔뷰페식당입니다 모든구성 알차고 맛있고 직원모두친절해요,장충동 호텔뷰페 식당 구성 직원 친절,있다 알차다 맛있다
yo****,2023-03-02,목요일,생일전야 저녁에 방문했는데 분위기도 정말 고급지고음식도 모두 훌륭하고 간만에 자연스레 과식했네요 가격이 있는 만큼 특별한 날 가기에 딱인거 같아요,생일 전야 저녁 방문 분위기 고급 음식 과식 가격 만큼 특별 날 거,지다 있다 가다
Victorson,2023-03-01,수요일,직원들은 친절하나 매장도 좁고 메뉴도 적은듯 동선도 불편함,직원 친절 매장 메뉴 듯 동선 불편,좁다 적다
0swing0,2023-02-22,수요일,우리나라 최고의 뷔페 치고는 요즘 상향평준화가 되어서 최고까진 아니지만 탑5안에 드는건 팩트 근데 당장다음주부터 18만원이라는데 그돈주고는 안올듯 난 지류상품권신공으로 12만원에 와서 맛나게먹긴함,우리나라 최고 뷔페 요즘 상향 평준 최고 탑 안 거 팩트 당장 다음 주 데 돈 듯 지류 상품권 신공,치다 들다 주다 오다 나다 오다 맛나다 먹다
심똥이,2023-02-20,월요일,친절 신선 존맛 그잡채,친절 신선 존 맛 잡채,
야금야금냠,2023-02-12,일요일,적당히 먹을만 합니다,만,먹다
가장중요한건지금,2023-02-11,토요일,분위기는 좋지만 가격대비 음식 구성이 그리 대단하진 않아요 몇번째 갓는데 좀 아쉽습니다 12월부터는 가격이 인상된다고 들엇는데 솔직히 인상된 가격에는 이용 안할거같아요 맛도 좀 아쉬웠어요,분위기 가격 대비 음식 구성 몇 번 가격 인상 인상 가격 이용 거 맛,좋다 가다 아쉽다 듣다 아쉽다
Ruru43,2023-02-11,토요일,디저트와 양갈비 맛집입니다 또갈게요,디저트 양 갈비 맛집,가다
코코바닝,2023-02-10,금요일,좋은곳에서 좋은 서비스 받고 맛있게 먹고 갑니다 역시 서울 3대뷔페,곳 서비스 서울 대 뷔페,좋다 좋다 받다 맛있다 먹다 가다
소금주에잉,2023-02-10,금요일,서울3대뷔페라 하는 이유를 알겠음 친절하고 동선이 편하고 대접받는 느낌이 강하게 들었음 앞으로도 중요한 행사가 있다면 신라호텔 더파크뷰에서 하고 싶을 정도임,서울 대 뷔페 이유 친절 동선 대접 느낌 앞 중요 행사 신라호텔 더파크뷰 정도,알다 편하다 받다 듣다 싶다
나는다슬기50,2023-02-01,수요일,창가자리에 앉아서 뷰가 넘 좋고 음식들이 다 맛있어서 넘 좋은 시간 보냈어요,창가 자리 뷰 음식 시간,앉다 좋다 맛있다 좋다 보내다
뿅글,2023-01-28,토요일,직원분들 친절하시고 음식도 맛있어요,직원 분 친절 음식,맛있다
플레이스MY,2023-01-27,금요일,뭐라 할 말이 없음 다 맛있어요 평일 런치로 가면 줄도 안서고 바로 들어가서 좋네요 그리고 계산할때 와인 1병도 선물로 줬어요,뭐 평일 런 줄 계산 와인 병 선물,맛있다 가다 서다 들어가다 좋다 주다
변함없이,2023-01-25,수요일,친절하고 분위기 최고입니다 음식들도 맛있고 다녀본 뷔페중 제일 좋네요,친절 분위기 최고 음식 뷔페,맛있다 다니다 보다 좋다
bonobono2309,2023-01-21,토요일,친절함은 기본에 맛까지 정말 최고였습니당,친절 기본 맛 최고,
ljw159,2023-01-20,금요일,너무 친절하시고 이번에가 유독 맛있었어요,친절 이번,맛있다
인천엔젤,2023-01-15,일요일,대게랑 디저트가 맛있었습니다,대게 디저트,맛있다
youjin727,2023-01-15,일요일,사람이 너무 많았지만 맛있게 잘먹고왔어요,,많다 맛있다 먹다 오다
냥냐냔냔냐,2023-01-13,금요일,맛있어요어오 디너2부 8시 시작인데도 사람 엄청 많아서 북적이긴 합니다,오 디너 부 시 시작 북,맛있다 많다
kaorinko,2023-01-03,화요일,요리들이 맛있어요 주차장이 너무 멀고 내리막길이 위험했어요,요리 주차장 내리막길 위험,맛있다 멀다
whateveriwant,2023-01-01,일요일,메뉴도 다양하고 조금씩 변화되는게 좋아요 변함없는 맛과 친절한 서비스 국내호텔뷔페 원탑계임 좋은날에 가기 쵝오 단 예약이 너무빡심,메뉴 다양 조금 변화 맛 친절 서비스 국내 호텔 뷔페 원탑계임 날 쵝오 단 예약,좋다 변함없다 좋다 가다
파페포퐁,2022-12-31,토요일,즐겁고 행복한 연말식사였습니다,행복 연말 식사,즐겁다
chyoi,2022-12-28,수요일,연말에 남자친구와 분위기 있게 좋은 시간 보내고 갑니다,연말 남자 친구 분위기 시간,좋다 보내다 가다
루루1111,2022-12-17,토요일,연말송년모임으로 다녀왔는데 얼마못먹어서 아쉽지만 친절해서조았어요 수프와 스테이크 쌀국수 맛납니다,연말 송년 모임 얼마 친절해서조았어요 수프 스테이크 쌀국수 맛,다녀오다 먹다 아쉽다 나다
내네임,2022-12-09,금요일,가격대비해서는 실망,가격 대비 실망,
정글레오,2022-12-04,일요일,사람이 너무 많아서 줄서다가 음식이 식어요,줄 음식,많다 서다 식다
Go슴도치,2022-11-22,화요일,창가 자리 뷰가 참 예쁘고 음식도 맛있었음 내 위가 작은거 빼곤 다 만족,창가 자리 뷰 음식 위 거 만족,예쁘다 맛있다 작다 빼다
겔럭시57,2022-11-18,금요일,맛있게 잘먹었습니다,,맛있다 먹다
myselee,2022-11-11,금요일,호텔 뷔페 중 최고,호텔 뷔페 최고,
kbh22,2022-11-09,수요일,맛있게 잘먹었어요,,맛있다 먹다
ouoq,2022-11-05,토요일,맛있고 친절하셔요 역시 호텔신라,친절 호텔신라,맛있다
ililllii,2022-11-04,금요일,지난번에 주말 브런치로 갔는데 이번에는 평일 1부로 갔더니 사람도 덜 붐비고 조용하니 좋네요 여기는 카페라떼 맛집입니다 꼭 마셔 보세용,지난번 주말 브런치 이번 평일 부 여기 카페라떼 맛집,가다 가다 붐비다 좋다 마시다 보다
아띠2861,2022-11-03,목요일,디저트가 정말 훌륭하고 과일당도도 뛰어나요 음식은 최곤데 접시가 너무너무 무거워요,디저트 과일 당도 음식 최고 접시,뛰어나다 무겁다
토끼4391,2022-10-29,토요일,안심스테이크 정말 부드러워요,안심 스테이크,부드럽다
크롱9320,2022-10-15,토요일,친절하시고 무엇보다 퀄리티가 좋아요,친절 무엇 퀄리티,좋다
사랑이17,2022-10-15,토요일,음식이 맛있어요,음식,맛있다
사랑이17,2022-10-15,토요일,음식이 맛있어요,음식,맛있다
돈쓰는게제일좋앙,2022-10-14,금요일,비싸고 맛있고 줄서고 비싸다,줄,비싸다 맛있다 서다 비싸다
미미3358,2022-10-14,금요일,분위기도 괜찮고 서비스도 매우 좋아요 음식도 다 괜찮은 편이에요 화장실이 너무 작은 게 흠이에요,분위기 서비스 음식 편 화장실 흠,괜찮다 좋다 괜찮다 작다
디기디기디기갱갱,2022-10-10,월요일,가격은 있지만 특별한 날 가기 좋아요 개인적으로 해산물보다는 디저트육류 순으로 맛있었습니다,가격 특별 날 개인 해산물 디저트 육류 순,있다 가다 좋다 맛있다
갬갱,2022-10-10,월요일,매장 안에 화장실이 2개밖에 없어서 좀 오래 기다림 직원들은 친절했으나 사람이 많음,매장 안 화장실 개 직원 친절,기다리다 많다
SUNMI 1213,2022-10-08,토요일,모임언니 생일이여서 호텔신라 더파크뷰에서 깔끔하고 다양한요리로 배가 호강하네요저는 해산물을 좋아해서 해산물위주로 떠왔는데 다양한 요리종류가 훨씬많아요디저트종류도 다양하구요요즘에 먹은 호텔뷔페중에 최고아직까지는,모임 언니 생일 호텔신라 더파크뷰 다양 요리 배 호강 해산물 해산물 위주 다양 요리 종류 디저트 종류 다양 요즘 호텔 뷔페 최고,절다 좋아하다 뜨다 오다 많다 먹다
뚱한고양이,2022-10-08,토요일,말이 필요 없음,필요,
으니으지,2022-10-07,금요일,사람 너무 많아요 생일이라간건데 그냥 결혼식장뷔페같네요 음식은 맛있어요,생일 거 결혼식장 뷔페 음식,많다 가다 맛있다
크로와상19,2022-09-25,일요일,태어나서 첨 가보는 신라호텔 추억가득 사랑가득 비싸구 맛나구 근데 입이 짧아서 많이 먹지못해 아쉬웠던 식사,신라호텔 추억 사랑 입 식사,태어나다 가다 보다 비싸다 맛나다 짧다 먹다 아쉽다
sj5****,2022-09-18,일요일,양갈비가 제일 맛있어요 La갈비 맛있었는데 없어져서 아쉬워요 주말에 1부는 시간이 촉박해요 2시간이라서 대화 나누면서 충분히 먹기에는 부족하고 30분 정도 더 있으면 좋겠어요,양 갈비 갈비 주말 부 시간 촉박 시간 대화 부족 분 정도,맛있다 맛있다 아쉽다 나누다 먹다 있다 좋다
히히히히히6,2022-09-17,토요일,진짜 맛있었고 기념일로 가기도 좋아요,기념일,맛있다 가다 좋다
sym****,2022-09-17,토요일,예전에 비해 가지수가 준것 같지만 여전히 맛있습니다 근데 사람이 정말 많네요,예전 가지 수,비하다 주다 맛있다 많다
안녕해용잉,2022-09-11,일요일,더파크뷰 말이 필요 없습니다,더파크뷰 필요,
김맥주,2022-09-08,목요일,중식류가 유명한걸 뒤늦게 알아서 아쉬웠던 파크뷰 서비스가 친절하고 육류가 다양합니다,중식 유명 거 파크뷰 서비스 친절 육류 다양,뒤늦다 알다 아쉽다
돈달돈달,2022-08-20,토요일,서울 호텔 뷔페중엔 파크뷰가 최고인듯 육류 특히 스테이크가 맛있어요,서울 호텔 뷔페 파크뷰 최고 듯 육류 스테이크,맛있다
어른아이83,2022-08-18,목요일,음식 맛있고 좋아요 서비스도 좋구요,음식 서비스,맛있다 좋다 좋다
이뀬,2022-08-12,금요일,대게부터 양갈비 베이징덕 전부 맛있네요,대게 갈비 베이징 덕,맛있다
엠제이4,2022-08-07,일요일,여기 갈 때마다 느끼지만 음식이 너무 많고 맛있어서 위가 더 넓었으면 좋겠단 생각해요,여기 음식 위 생각,가다 느끼다 많다 맛있다 넓다 좋다
아하맘,2022-08-06,토요일,친절하고 세심하게 신경써주셔 즐거운 식사시간였습니다,친절 신경 식사 시간,쓰다 즐겁다 이다
슈크림양,2022-08-02,화요일,특별한 날이라 큰맘먹고 갔는데 너무 만족스러운 식사였어요 친절하셨고 맛있는 것도 많이 먹고 부모님도 모시고 오고싶단 생각이 나더라고요 기회가 되면 다른 가족들과 함께하고 싶네요,특별 날 맘 만족 식사 친절 부모 생각 기회 가족,크다 먹다 가다 맛있다 먹다 모시다 오다 싶다 나다 싶다
유아쏘뷰티풀,2022-07-31,일요일,스테이크는 오늘은 맛있어요 파크뷰는 대게맛집 가격이 올라서 솔직히 155만원 대비 가성비는 이젠 별로인것 같아요 발렛할 경우에만 주차편해요 비오는 오늘같은경우 발렛안했음,스테이크 오늘 파크뷰 대게 맛집 가격 원 대 가성비 이제 발렛 경우 주차 비오 오늘 경우 발 렛,맛있다 오르다 편하다
크래드,2022-07-30,토요일,조용하게 모임하기엔 역시 너무 시끄럽고요 맛있는 음식을 다양하게 먹기 좋았어요,모임 음식 다양,조용하다 시끄럽다 맛있다 먹다 좋다
andyet83,2022-07-25,월요일,가격은계속오르고많이비싸진듯요 여기오면 돈 많이벌어또와야지 생각듭니다 잘먹었습니다,가격 듯 여기 돈 생각,오르다 비싸다 오다 벌다 오다 들다 먹다
소소한영수증,2022-07-25,월요일,직원분들 친절하고 음식 깔끔하고 좋아요,직원 분 친절 음식,좋다
Lavenda,2022-07-24,일요일,진짜 너무너무 맛있어서 여행 온 기분 양갈비 쯔란등갈비 해삼쥬스 유산슬 시금치딤섬 대박 맛있어요,여행 기분 양 갈비 쯔 등갈비 해삼 쥬스 유산 시금치 딤섬,맛있다 오다 맛있다
닭발27,2022-07-16,토요일,호텔뷔페는 가격이,호텔 뷔페 가격,
ehg****,2022-07-14,목요일,특별한 기념일날 가기 좋아요,특별 기념일 날,가다 좋다
후와아압,2022-07-14,목요일,종류 굉장히 다양하고 이름이 낯선 음식들도 많아요 한번쯤 방문할만 하지만 가격대비는 모르겠어요 사람이 많아서 정신 없는게 아쉬웠네요,종류 다양 이름 음식 번 방문 만 가격 대비 정신,낯설다 많다 모르다 많다 아쉽다
행복하자6558,2022-07-09,토요일,너무 열심히 먹느라 음식사진 찍는 건 잊고 있었네요 고기 종류 요리가 맛있어요 스테이크 훌륭 대게는 매번 차가워서 안먹게 되네요 비싸지만 디저트만 제대로 먹어도 아깝지 않아요 예약이 쉽지 않다는게 단점입니다,음식 사진 거 고기 종류 요리 스테이크 대게 디저트 예약 단점,먹다 찍다 잊다 맛있다 차갑다 먹다 비싸다 먹다 아깝다 쉽다
bingreiwish,2022-07-09,토요일,항상 만족스러운 식사하고 가요,만족 식사,가다
TechnoMBA,2022-07-01,금요일,신라호텔 뷔페식당 더파크뷰입니다 남산자락에 위치한 호텔뷔페 정말 맛있고 직원들이 너무친절하답니다,신라호텔 뷔페식당 더파크뷰 남 산자락 위치 호텔 뷔페 직원 친절,맛있다
차두임,2022-06-27,월요일,비싸지만 맛나요,,비싸다 맛나다
캠퍼필즈,2022-06-18,토요일,음식이 다양하고 전반적으로 다 맛있어요 무엇보다 다들 친절하고 서비스가 너무 좋아요,음식 다양 전반 무엇 친절 서비스,맛있다 좋다
soonicopi,2022-06-12,일요일,엄마랑 디너로 다녀왔어요 맛있게 먹고 옵니다,엄마 디너,다녀오다 맛있다 먹다 오다
지융50,2022-06-11,토요일,두번째 방문 여전히 맛있고 사람은 많아요,번 방문,맛있다 많다
앙크미06,2022-06-11,토요일,메뉴가 훌륭 합니다,메뉴,
개구쟁이61,2022-06-11,토요일,샐러드 너무 맛있어요,샐러드,맛있다
Seoah,2022-06-08,수요일,생일이라서 특별하게 식사할려고 왔어요 너무너무 좋았습니다,생일 특별 식사,오다 좋다
깨뿌리,2022-06-06,월요일,소소하게 한끼 하기 좋네요,끼,소소하다 좋다
포뇨엄망,2022-06-05,일요일,맛잇구 친절해요,맛 친절,잇다
오예3337,2022-06-03,금요일,넘 맛있어요 기념일에 꼭 강추,기념일,맛있다
오예3337,2022-06-03,금요일,서비스가 너무 좋아요 굿굿,서비스 굿굿,좋다
ilillilil,2022-06-01,수요일,비싼만큼 굿굿 양갈비,만큼 굿 굿 양 갈비,비싸다
김자몽53,2022-05-24,화요일,맛있어요 한식 레스토랑이 따로 있어서 그런지 한식라인은 아예 없어서 좀 아쉬웠지만 종종 가볼만합니다아,한식 레스토랑 한식 라인 만,맛있다 그렇다 아쉽다 가다 보다
유 니,2022-05-22,일요일,더파크뷰 오랜만 너무 친절하시고 음식도 다 맛있음 두시간 너무 짧다,더파크뷰 오랜만 친절 음식 시간,맛있다 짧다
앙마4418,2022-05-22,일요일,파크뷰는 개인적으로 서울보다 제주를 훨씬 좋아하는 데 서울도 음식이 꽤 괜찮아졌네요 그래도 여전히 일식섹션은 아쉽습니다,파크뷰 개인 서울 제주 데 서울 음식 일식 섹션,좋아하다 괜찮다 아쉽다
인헌동당그니,2022-05-20,금요일,마시써용 근데 제주보단 덜한듯 제주는 전복도 있는뎅 저의 최애메뉴는 해삼주스 스시 치즈 초코 따끈한 디저트이름 모름 그 외의 중식도 훌륭하고 워낙 유명하지용 파스타도 맛있어요,마시써용 제주 듯 제주 전복 저 최애메뉴 해삼 주스 스시 치즈 초코 디저트 이름 외 중식 유명 파스타,따끈하다 모르다 맛있다
로아3315,2022-05-09,월요일,괜찮아요 중식류가 맛있었어요,중식,괜찮다 맛있다
자유부인50,2022-05-07,토요일,전체적으로 고급스럽고 대접 받는 느낌을 주는 곳입니다 특별한 메뉴가 있어 좋았어요,전체 고급 대접 느낌 곳 특별 메뉴,받다 주다 좋다
룰루라랄라54,2022-05-02,월요일,주차장 헤매느라 조금 늦게도착했지만 대게랑 고기랑 디저트 다 맛있게먹었어요,주차장 도착 대게 고기 디저트,헤매다 늦다 맛있다 먹다
러브홍이,2022-04-30,토요일,대게가 다른 호텔 뷔페들 보다 크고 살이 많고 맛있었어요 음식이 다 맛있었어요 만족해요,대게 호텔 뷔페 살 음식 만족,크다 많다 맛있다 맛있다
kjy8317,2022-04-28,목요일,음식이 전체적으로 맛있고 좋아요,음식 전체,맛있다 좋다
세런디피티81,2022-04-25,월요일,맛집 총집합 부페,맛집 총집합 부페,
Dneaksn,2022-04-24,일요일,존맛탱 전문점을 모아놓은 곳,전문점 곳,모으다 놓다
blu****,2022-04-23,토요일,모든메뉴가 다맛있네요,메뉴,맛있다
rosy25,2022-04-22,금요일,진짜 맛있어요,,맛있다
84sik,2022-04-18,월요일,역시삼대뷔페입니다 친절하고맛있고 행복했습니다,삼대 뷔페 친절 행복,맛있다
yhhyunn,2022-04-16,토요일,양고기랑 대게가 특히 맛있어요 한 번쯤 가볼만한 곳입니다,양고기 대게 번 쯤 만 곳,맛있다 가다 보다
로뎅45,2022-04-11,월요일,기념일에 식사하기 좋네요,기념일 식사,좋다
쫑이2472,2022-04-04,월요일,가격은 올랐지만 맛있고 친절했습니다 평일 점심에 가니 디너와 주말에 비해 사람이 붐비지않아서 좋았어요,가격 친절 평일 점심 디너 주말,오르다 맛있다 가다 비하다 붐비다 좋다
준팔이맘,2022-04-02,토요일,직원분들이 친절하고 음식도 대체적으로 맛있었어요 오렌지쥬스가 넘나 맛있어서 6잔이나 마셨다지요,직원 분 친절 음식 대체 오렌지 쥬스 잔,맛있다 넘다 맛있다 마시다
밍주임니다,2022-04-02,토요일,선물받아서 갓어요 맛잇네요,선물 맛,받다 가다 잇다
remember,2022-03-31,목요일,음식 구성 무난하고 항상 친절한 곳,음식 구성 친절 곳,
blingbling97,2022-03-25,금요일,뷔페 중 제일 좋아해요,뷔페 일,좋아하다
뙈쥐,2022-03-24,목요일,그냥 먹을만 했어요,만,먹다
별명없숴,2022-03-20,일요일,비싸지만 맛있고 직원분들이 너무친절해서 잘 먹고 왔습니다,직원 분 친절,비싸다 맛있다 먹다 오다
쭈박,2022-03-17,목요일,음식맛있네요,음식,맛있다
져니쨘,2022-03-09,수요일,식사권 있어서 갔어요 너무 비싸서 제 돈 주고 먹기 아깝지만 특별한 날 가기 좋아요,식사 저 돈 특별 날,있다 가다 비싸다 주다 먹다 아깝다 가다 좋다
블랙땅콩,2022-03-05,토요일,최고입니다 음식 정말 맛있어요 친절해서 좋아요,최고 음식 친절,맛있다 좋다
Sean Kim,2022-03-05,토요일,분위기 좋고 맛있어요,분위기,좋다 맛있다
soo****,2022-03-05,토요일,너무 맛있어요부담스럽지 않은 친절함,부담 친절,맛있다
mcm323,2022-02-26,토요일,안심스테이크 굿굿,안심 스테이크 굿 굿,
지뇨지,2022-02-23,수요일,직원분들도 친절하시고 음식 종류도 괜찮았어요 창가자리로 예약 부탁드렸는데 뷰좋은 창가자리로 주셨어요 창가자리 앉고싶은 분들은 한달전에 예약하세요 수요일 1부 이용함,직원 분 친절 음식 종류 창가 자리 예약 뷰좋 창가 자리 창가 자리 분 달 전 예약 수요일 부 이용,괜찮다 부탁드리다 주다 앉다 싶다
2su****,2022-02-16,수요일,좋아요 주차힘들어요,주차,좋다 힘들다
꼰쥬맘62,2022-02-10,목요일,스테이크 양갈비가 조금 더 따스했으면 하는 마음으로 아쉬웠지만 메뉴들 좋았구요넘넘 맛있게 먹었네요,스테이크 양 갈비 마음 메뉴,따스하다 아쉽다 좋다 맛있다 먹다
ERANGMAM,2022-02-05,토요일,특별한날 방문하기 너무 좋아요 음식도 항상 신선하고 맛있고 무엇보다 직원들 너무 친절해요 임신해서 접시드는것도 도와주신다하시고작은배려가 돋보이는곳입니다 감사합니다,특별 날 방문 음식 무엇 직원 친절 임신 접시 배려 곳 감사,좋다 맛있다 들다 도와주다 작다 돋보이다
뿅뿅뿅4377,2022-02-02,수요일,맛있게 잘 먹고 왔어요,,맛있다 먹다 오다
eun****,2022-01-31,월요일,양갈비나 고기가 좀 식어서 아쉬웠지만 대체적으로 음식 다 깔끔하고 맛있었어요 친절한건 당연했고 기분 좋은 저녁식사 였습니다,양 갈비 고기 대체 음식 친절 거 기분 저녁 식사,식다 아쉽다 맛있다 좋다
밥하기싫은주부,2022-01-28,금요일,선물받은 걸로 갔는데 먹을게 많아서 좋았어요 가격은 세지만 특별한날 가기 좋은것 같아요,선물 거 가격 특별 날,받다 가다 먹다 많다 좋다 세다 가다 좋다
Lena337,2022-01-24,월요일,분위기 좋고 음식들도 전반적으로 깔끔하고 괜찮은 편 특히 스노우 크랩 근데 디저트는 별로네요 케이크가 너무 달아요,분위기 음식 전반 편 스노우 크랩 디저트 케이크,좋다 괜찮다 달다
yoo****,2022-01-23,일요일,신라호텔 더 파크뷰 오랫만에 저녁 2부 타임 맛잇게 먹엇습니당 후식인 딸기파인애플오렌지등 엄청 맛잇게 먹엇네요,신라호텔 더 파크뷰 오랫만 저녁 부 타임 맛 후식 딸기 파인애플 오렌지 맛,잇다 먹다 잇다 먹다
구구구구구꾸꾸구구,2022-01-21,금요일,가족들이랑 좋은 시간 보내고 갑니다,가족 시간,좋다 보내다 가다
빈티지앵_Vintageann,2022-01-16,일요일,신라호텔 파크뷰는 역시 대게맛집 물론 회도 신선했고 이징덕 탕수육 볶음밥도 맛있슴 음식 다양 역시 국내 최고 뷔페레스토랑 주말런치 2부 2시 오픈 4시 클로즈 2인 258000,신라호텔 파크뷰 대게 맛집 회 이징 덕 탕수육 볶음밥 맛있슴 음식 다양 국내 최고 뷔페 레스토랑 주말 런 부 2시 오픈 시 클로즈 인,
spo****,2022-01-13,목요일,접객이 좋아요,접객,좋다
jinhee8640,2022-01-12,수요일,나박김치랑 마카롱 스테이크 맛있었어요,나박김치 마카롱 스테이크,맛있다
나라올라4310,2022-01-09,일요일,정말 굿입니다,굿,
하자하자4,2022-01-08,토요일,맛있어요 좀 비싸네요,,맛있다 비싸다
minm,2021-12-25,토요일,너무 맛있어요,,맛있다
Marianne98,2021-12-11,토요일,대게 원없이 먹고 왔어요,원,먹다 오다
와그러세요,2021-12-06,월요일,영수증 멋있네요 대표자명 이부진 멋있네요 대한민국 최고 뷔페 신라호텔 더파크뷰,영수증 대표자 이부진 대한민국 최고 뷔페 신라 호텔 더파크뷰,멋있다 멋있다
튤립101,2021-12-04,토요일,기념일에 기분전환하기 좋아요,기념일 기분 전환,좋다
야옹이56,2021-12-01,수요일,가족들과 좋은 시간 보내고 가요,가족 시간,좋다 보내다 가다
fpa****,2021-11-29,월요일,음식이 하나하나 다 맛있어요 회도 엄청 부드럽고 직원분들도 다 너무 친절하세요,음식 회 직원 분 친절,맛있다 부드럽다
jih****,2021-11-17,수요일,맛의 컬리티가 달라요 강추,맛 컬리티,다르다
마님5171,2021-10-16,토요일,가본 부페 중 최고였어요,부페 최고,가다 보다
be****,2021-10-15,금요일,굿굿 명불허전,굿 굿 명불허전,
탱탱이2348,2021-10-15,금요일,양갈비등심대게 언제나 맛있어요,양 갈비,맛있다
키키키2222,2021-10-12,화요일,맛이며 분위기 굿굿,맛 분위기 굿 굿,
콩806,2021-10-12,화요일,처음 전화예약때부터 친절한 직원분의 목소리에 기분좋았습니다 예약후 방문했을때도 맛은 당연히 기본이고 깔끔하고 맛있어요 모든 직원분들이 친절해서 식사후 집에올때까지도 기분 좋았습니다 서비스가 최고네요,전화 예약 친절 직원 목소리 기분 예약 후 방문 맛 기본 직원 분 친절 식사 후 집 기분 서비스 최고,좋다 맛있다 오다 좋다
Theanswer2,2021-10-10,일요일,서비스도 좋고 맛있었어요,서비스,좋다 맛있다
광광우럭따71,2021-10-10,일요일,또가고싶어요 디저트맛집,디저트 맛 집,가다 싶다
철쟁이17,2021-10-09,토요일,일단 라센느와비교해 먹을게 없음 먹을것두 없는데 컵에서 물비린내가 나서 3번이나 바꿔달라해도 계속 났음 아리아나 라센느 가세요,라센느 비교 데 컵 물 비린내 번 아리아나 라센느,먹다 먹다 나다 바꾸다 달다 나다 가다
안녕4596,2021-10-07,목요일,얼음잔도 티스푼도 다 자리에서 요청해야해서 번거로웠던것 같고 음식 맛은 쏘쏘,얼음 잔 티스푼 자리 요청 음식 맛 쏘쏘,번거롭다
윤슬301,2021-09-26,일요일,한번씩가기 괜찮은거 같아요,번 거,가다 괜찮다
Azure29,2021-09-25,토요일,여기가 호텔 뷔페중에선 젤 맛있네요,여기 호텔 뷔페,맛있다
리지언,2021-09-23,목요일,말해뭐합니까 파크뷰최고죠 근데 여긴 사람이 코로나 이후 더 많아진거 같아요,뭐 파크뷰최고죠 여기 코로나 이후 거,많다
밤비5461,2021-09-19,일요일,음식은 맛있고 친절한데 주차는 별로에요,음식 친절 주차,맛있다
BARBIE,2021-09-11,토요일,직원분들 전부 친절하시고 메뉴도 엄청 다양해서 종류별로 조금씩만 먹었는데도 배불렀어요 거리두기는 안되는거같아요 테이블간 간격이 좁아요 실물카드 아니면 발렛도 안되서 불편하구요,직원 분 친절 메뉴 다양 종류 조금 거리 거 테이블 간 간격 실물 카드 발 렛 불편,먹다 배부르다 두다 좁다
지융50,2021-09-11,토요일,가족들과 방문했어요 특별한날 좋은 사람들과 함께,가족 방문 특별 날,좋다
서니848,2021-08-27,금요일,뷰가 멋져요,뷰,멋지다
나나1061,2021-08-16,월요일,맛있고 친절합니다,친절,맛있다
bluesky19,2021-08-10,화요일,위치나 뷰는 좋으네요 음식은 기대보단 종류도 좀 작고 대게도 속살이 좀 부드럽지 않고 유명하다는 안심도 그닥 한식도 종류 많지 않아요 디저트는 최근에 간 호텔중 손에 꼽히게 좋아요 아이스커피가 제공되지 않아 아쉬웠구요,위치 뷰 음식 기대 종류 대게 속살 유명 안심 한식 종류 디저트 최근 호텔 손 아이스 커피 제공,좋다 작다 부드럽다 많다 가다 꼽히다 좋다 아쉽다
pp40536,2021-08-10,화요일,마카롱 진짜맛있어요,마카롱,맛있다
시에나맘,2021-07-03,토요일,직원분들도 너무 친절하시고 음식도 맛있었어요 특히 추천에 많은 안심스테이크 너무 부드럽고 맛있었어요,직원 분 친절 음식 추천 안심 스테이크,맛있다 많다 부드럽다 맛있다
치노21,2021-06-27,일요일,명불허전 자리에서 일어나기가 너무 아쉽고 이 정도 밖에 못 집어넣는 내가 싫고 너무 맛있고 분위기 너무 좋아요 기념일에 이만한 곳이 없습니다,명 불허 자리 정도 분위기 기념일 곳,일어나다 아쉽다 집어넣다 싫다 맛있다 좋다
슈이2416,2021-06-22,화요일,오랜만에 기분전환도 할겸 멋진곳에 다녀왔어요 서비스도 좋고 여러가지 음식도 다 맛 있었어요 생각보다 사람이 많네요 가끔 호텔뷔페는가볼만한것 같아요,오랜만 기분 전환 겸 곳 서비스 가지 음식 맛 생각 호텔 뷔페 만,멋지다 다녀오다 좋다 많다 가다 보다
kim****,2021-06-20,일요일,주차료 비싸요,주차료,비싸다
kw****,2021-06-19,토요일,다양한 음식 대게스테이크디저틀류초밥 등 맛나네요 분위기 좋습니다,다양 음식 대게스테이크디저틀류초밥 분위기,맛나다 좋다
이뫄14,2021-06-18,금요일,전반적으로 음식이 전부 맛있었고 직원분들도 친절했어요 전 회는 쏘쏘했어요,전반 음식 직원 분 친절 저 회 쏘쏘,맛있다
Double HHH,2021-06-13,일요일,생일이라 방문했는데 음식이 다 맛있네요 특히 베이커리 디저트는 정말 맛있어요,생일 방문 음식 베이커리 디저트,맛있다 맛있다
지금여기에서신나게,2021-05-30,일요일,좋아하는 곳,곳,좋아하다
호잇짜49,2021-05-28,금요일,직원분들 넘 친절하구 맛있는식사였습니다,직원 친절 식사,맛있다
milky7481,2021-05-28,금요일,잘먹고갑니다,,먹다 가다
rjh2415,2021-05-28,금요일,너무 좋았습니다,,좋다
꿀짱다롱,2021-05-22,토요일,너무 맛있게 잘 먹었습니다 직원분들도 너무 친절하시고 덕분에 즐거운 생일을 보냈습니다,직원 분 친절 덕분 생일,맛있다 먹다 즐겁다 보내다
잉스89,2021-05-22,토요일,직원들이 친절해서 좋은 인상을 받았습니다 음식은 전반적으로 호불호없이 깔끔 신선한 느낌,직원 친절 인상 음식 전반 호불호 깔끔 느낌,좋다 받다
hoxymola,2021-05-19,수요일,한번쯤 분위기내러 가보는건 좋을거같지만 그이상은 비추 그래도 직원들모두친절하고 기분좋은 방문이었어요,한번쯤 분위기 거 거 이상 직원 친절 기분 방문,내다 가다 보다 좋다 비추다 좋다
재8926,2021-05-08,토요일,어버이날에 잘 이용했습니다 다만 이 가격에 음료수를 별도로 받는건 심지어 비쌈 그리고 접시 너무 무거워요,어버이날 이용 가격 음료수 별도 거 접시,받다 비싸다 무겁다
펭순남편,2021-05-05,수요일,여기서는 누구나 쯔양이 될 수 있어용,여기 누구 쯔양,있다
페페로니마시써,2021-05-01,토요일,홍차랑 케익 너무 맛있어여,홍차 케익,맛있다
pheej,2021-04-30,금요일,서비스가 정말 좋았습니다 음식맛도 정말 좋았습니다,서비스 음식 맛,좋다 좋다
장금이49,2021-04-17,토요일,탕수육만 빼구 모든음식 다 너무맛있구 친절하시구 역쉬 파크뷰,탕수육 음식 친절 역쉬 파크뷰,빼다 맛있다
Amist,2021-04-15,목요일,음식맛도 서비스도 굿굿 가격은 호텔이니 무시하고 창측은 뷰는 좋으나 저녁되니 춥다 가격빼고 다 만족스런 곳,음식 맛 서비스 굿 굿 가격 호텔 무시 창 측 뷰 저녁 가격 만족 곳,좋다 춥다 빼다
sinabro90,2021-04-11,일요일,최고이요 서비스,최고 서비스,
human90,2021-03-28,일요일,음식 퀄리티는 좋으나 손이 가는 음식은 딱히,음식 퀄리티 손 음식,좋다 가다
eg****,2021-03-28,일요일,음식 온도가 대체적으로 안맞음 식어 있는 느낌 매운 메뉴가 있으면 좋겠다,음식 온도 대체 느낌 메뉴,맞다 식다 맵다 좋다
워너비10,2021-03-27,토요일,언제 가도 기분좋은 곳 맛도 서비스도,기분 곳 맛 서비스,가다 좋다
천사소녀57,2021-03-03,수요일,뭐묻따말 직원분들 늘 친절하고 모든 음식이 재료에 충실한 건강한 맛 맛있습니다 기분이 좋아지는 파크뷰입니다,뭐묻따말 직원 분 친절 음식 재료 충실 건강 맛 기분 파크뷰,맛있다 좋다
chris1225,2021-03-02,화요일,맛있음 다만 여기가 몇대뷔페라고 불릴만한가는 애매하다 고기는 확실히 좋음 비슷한급에서도 상위권 하지만 나머지는 평범함,여기 대 뷔페 만 고기 급 상위 나머지,맛있다 불리다 좋다 비슷하다 평범하다
track920,2021-03-01,월요일,접시만 좀더 빨리치워준다면 좋겠다,접시,치우다 좋다
teruaki,2021-02-28,일요일,오늘은 맛있는게 별로 없었네요,오늘,맛있다
katie81,2021-02-27,토요일,디저트 맛있어요,디저트,맛있다
빽4,2021-02-21,일요일,짱맛다맛나요서비스 끝판왕직원분들 어쩜 그렇게 친절한거죠잘먹고 왔습니다,맛 서비스 끝판왕 직원 분 친절 거,맛나다 먹다 오다
탱시리,2021-02-21,일요일,직원분들도 너무 친절하고 맛있어용,직원 분 친절,맛있다
쏭양78,2021-02-18,목요일,역시 부페1등,부페,
나디50,2021-02-18,목요일,갈때마다 만족스럽지만 사람이 많을 때는 피해야겠어요,만족,가다 많다 피하다
vivianna56,2021-02-11,목요일,맛있어요 친절해요,친절,맛있다
Luna99,2021-02-05,금요일,친절하고 음식은 맛있었어요,친절 음식,맛있다
Olivia_L,2021-01-26,화요일,롯데호텔서울 라세느 대비 아쉬운점이 많았습니다 음식 가짓수도 적고 초밥이나 회에서는 비린내가 나는 것들도 있었구요 반면에 디저트는 아주 만족스러웠습니다,롯데호텔 서울 라세느 대비 점 음식 가짓수 초밥 회 비린내 반면 디저트 만족,아쉽다 많다 적다 나다
느티나무2736,2021-01-22,금요일,직원분들 너무너무친절하세요 직원분들때문에 다시방문할듯합니다,직원 분 친절 직원 분 방문 듯,
안뇽7863,2021-01-17,일요일,특별한 음식은 없지만 재료들이 신선하고 기본적인 메뉴들로 이루어져있어 부담없이 가기 좋은 곳 가성비 굿,특별 음식 재료 기본 메뉴 부담 곳 가성비 굿,이루어지다 가다 좋다
emilee,2021-01-17,일요일,역시 신라호텔 최고네요 고객 응대도 좋았고 음식맛도 훌륭했습니다,신라호텔 최고 고객 응대 음식 맛,좋다
땡글7291,2021-01-16,토요일,좋아요 케익종류 맛 좋네요,케익 종류 맛,좋다 좋다
shi****,2021-01-14,목요일,맛과 친절 모두 굿입니다,맛 친절 굿,
남미진,2021-01-10,일요일,종류는 보통인데 재료의 퀄리티가 좋아요,종류 보통 재료 퀄리티,좋다
우니사랑13,2020-12-27,일요일,잘쉬다갑니다,,쉬다 가다
yun55,2020-12-24,목요일,서울신라호텔발렛,서울 신라호텔 렛,
jin****,2020-12-03,목요일,발렛 이용 했는데편해요 애 있는집 강추,발 렛 이용 애 집,편하다
김혜진7366,2020-12-02,수요일,명불허전 신라호텔 더파크뷰,명불허전 신라호텔 더파크뷰,
스티치991,2020-11-30,월요일,잘 다녀왔습니다,,다녀오다
나이스가이43,2020-11-25,수요일,정말 맛있었어요,,맛있다
yhl****,2020-11-22,일요일,언제가도 서비스는 만족이요,서비스 만족,가다
봄날의고양이,2020-11-22,일요일,한 때 일년에 여러번 방문했던 곳이에요 근데 매번 음식이 비슷해서 일년에 한번 갔다가 좀 질려서 몇 년 동안 안 갔다가 다시 방문했는데 여전히 메뉴는 비슷하네요 근데 언제나 그렇듯 서비스는 최고입니다,일 번 방문 곳 음식 일 번 동안 방문 메뉴 서비스 최고,가다 질리다 가다 비슷하다 그렇다
sinpoet,2020-11-20,금요일,과일류가 조금 아쉬웠지만 전반적으로 맛있게 잘 먹었습니다 만족도로 생각한가면 같은가격에 단품메뉴를 먹는게 더 나을거 같다는 생각도 들어요,과일 전반 만족도 생각 가면 가격 품 메뉴 거 생각,아쉽다 맛있다 먹다 먹다 낫다 들다
투투썸,2020-11-20,금요일,디너에 서빙되는 스프 존맛탱,디너 서빙 스프,
Benesz,2020-11-14,토요일,맛있어요 히히,,맛있다
Maryn CEO,2020-11-08,일요일,왜 비싼지 알겠어요 진짜 맛있음,,비싸다 알다 맛있다
Jinnerpeace,2020-11-07,토요일,말이 필요없죠 모든 음식이 감탄스러웠어요 짜장면 최고 하지만크로와상은 실망내 단골 웰브라운 맛을 이길 순 없었어요 평택 웰브라운이 짱,필요 음식 감탄 짜장면 최고 실망 단골 웰 브라운 맛 평택 웰 브라운,크다 이기다
루스67,2020-11-01,일요일,친절하고 음식상태 모두 좋았어요 줄서서 먹는다고들 했는데 그렇게 붐비는 것도 아니고 편안하게 식사했네요,친절 음식 상태 줄 편안 식사,좋다 서다 먹다 그렇다 붐비다
doga112,2020-10-26,월요일,음식이 맛은 좋은데 고기같은 따뜻한 음식이 좀 식었어요 친절합니다,음식 맛 고기 음식 친절,좋다 식다
예부니,2020-10-21,수요일,맛있어요 또 가고싶네요,,맛있다 가다 싶다
무늬91,2020-10-18,일요일,샐러드 좋아하는데 종류가 굉장히 다양해서 좋았어요 회도 맛있고 과일도 맛있네요,샐러드 종류 회 과일,좋다 좋다 맛있다 맛있다
undergrounder09,2020-10-16,금요일,너무맛있고 좋았습니다 공사를 해서 좀 어수선 하긴 했지만 친절하고 좋네요,공사 친절,맛있다 좋다 좋다
ectyui,2020-10-11,일요일,언제와도 꿀맛 보장 단품도 맛나요,꿀맛 보장 품,오다 맛나다
KP41,2020-09-11,금요일,언제가도 친절하시고 분위기도 좋아요,친절 분위기,가다 좋다
오호라앗,2020-08-14,금요일,내돈주곤 안갈듯,돈 듯,주다 가다
csicsi,2020-08-08,토요일,역시 국내최고의 뷔페네요 직원들도 엄청 친절하시고 접시도 빨리빨리 치워주시고 무엇보다 음식이 맛있네요 비싸도 다시 가볼만한 곳입니다,국내 최고 뷔페네요 직원 친절 접시 무엇 음식 만 곳,치우다 맛있다 비싸다 가다 보다
모지모모,2020-07-28,화요일,아무리 와도 내 최애는 여전히 라세느,최애 라세느,오다
빠리쑤,2020-07-24,금요일,가짓수 많고 괜찮아요 음식보다는 디저트가 진짜 맛있음 메론도 맛있고요 어르신들이 좋아하심,가짓수 음식 디저트 메론 어르신,많다 괜찮다 맛있다 맛있다 좋아하다
mon****,2020-07-16,목요일,분위기도 좋고 맛나요,분위기,좋다 맛나다
귤룐,2020-07-13,월요일,대체로 맛있어요 특히 한식중식류 생선요리는 비린내가 좀 나요,한식 중식 생선 요리 비린내,맛있다 나다
tttt,2020-07-05,일요일,두말하면 잔소리 5성급은 다르죠,잔소리 성급,다르다
용꺼,2020-07-03,금요일,국내에서 유일하게 인정하는 호텔뷔페,국내 유일 인정 호텔 뷔페,
애플망고1004,2020-06-23,화요일,결혼기념일 식사하러 다녀왔어요 여긴 수박 체리조카도 진짜 최상품 이네요 과일도 하나같이 모두 맛있어요,결혼기념일 식사 여기 수박 체리 조카 상품 과일,다녀오다 맛있다
charlottecha,2020-06-18,목요일,다양한 메뉴와 즉석주문요리가 정말 많습니다 조식으로 이정도 구성하는곳은 많지 않은데 항상 만족스러워요 다만 호텔에 게스트가 많다보니 당연히 레스토랑도 좀 붐비는점이 아쉽습니다 정신이 없어서 얼른 먹고 일어나야할때가 많아요,다양 메뉴 즉석 주문 요리 조식 정도 구성 곳 만족 호텔 게스트 레스토랑 점 정신,많다 많다 많다 보다 붐비다 아쉽다 먹다 일어나다 많다
noeulll,2020-06-17,수요일,디너만 자주 가다가 브런치 오랜만에 갓는데 예전만 못하지만 괜찮네요,디너 브런치 오랜만 예전,가다 가다 괜찮다
noeulll,2020-05-27,수요일,정말 완벽한 서비스입니다 근데 맛이 예전만 못하네요 그래도 만족합니다,완벽 서비스 맛 예전 만족,그렇다
유효정80,2020-05-10,일요일,음식들이 너무 맛있어용,음식,맛있다
코키콕,2020-04-18,토요일,모임시 방문하기 좋아요,모임 시 방문,좋다
리뷰리뷰리,2020-03-14,토요일,역시 조식 맛집 엄마 입맛에도 괜찮으셨나봐요,조식 맛집 엄마 입맛,괜찮다 보다
짱이5282,2020-03-03,화요일,항상 가서 배부르게 잘 먹고와요 분위기도 좋고 만족스러워요 다양한 음식들이 있어서 재방문 의사 100,분위기 만족 음식 방문 의사,가다 배부르다 먹다 오다 좋다
llIIlllllllIl,2020-02-22,토요일,최고였습니다,최고,
ash****,2020-02-09,일요일,게살스프 정말 맛있었어요 분위기도 좋고 다만 가격대비 음식은 약간 비싸다 싶음,게살 스프 분위기 가격 대비 음식,맛있다 좋다 비싸다 싶다
치요맘,2019-12-08,일요일,늘 그렇듯 맛있고 즐거워요 로비도 너무 분위기 있습니다,로비 분위기,그렇다 맛있다 즐겁다 있다
inee3004,2019-11-21,목요일,가격대비 별로 임,가격 대비,
baesa97,2019-11-21,목요일,재료가 신선하고 서비스가 좋았어요,재료 서비스,신선하다 좋다
Tim89,2019-11-19,화요일,오붓한 시간을 보냈습니다 분위기와 편의 제공 등 모든 것이 만족스러웠습니다 다음 기회에 다시 방문하겠습니다 감사합니다,시간 분위기 편의 제공 만족 다음 기회 방문 감사,보내다
달콤한공기,2019-11-19,화요일,예약석이라 그런지 자리도 너무 좋고 음식도 맛있었어요,예약 석이 자리 음식,그렇다 좋다 맛있다
핵심이,2019-11-11,월요일,맛있는 것도 너무 많고 서비스도 친절했어요 메뉴 종류가 많아서 입맛 까다로우신 부모님 모시고 가기에도 참 좋은 것 같아요 한달 전에 예약했더니 창가쪽 뷰좋은 자리로 주셔서 만족했습니다 감사합니다,서비스 친절 메뉴 종류 입맛 부모 달 전 예약 창가 쪽 뷰 자리 만족 감사,맛있다 많다 많다 까다롭다 모시다 가다 좋다 좋다 주다
뿌뿌닷,2019-11-07,목요일,최고의 서비스,최고 서비스,
