reviewer,review,date,weekday
shooooooo,종류도 알차게 많고 다 맛있어요,2024-06-07,금요일
쥴리08,커피랑 브런치크림파스타 먹었어요 오늘따라 파스타가 불어서나왔더라구요 역시 신라 커피는 맛있어용,2024-05-23,목요일
illiiilillil,직원분들 너무 친절하시고 음식맛은 대한민국 호텔부페 넘버원인데 말해뭐해 입니다 조금씩 일찍 입장 시켜주시는 융통성도 좋아요 쬐끔 아쉬운건 의외로 과일류 구색이 약하다는 거,2024-05-19,일요일
DEAN KIL,비싸지만 좋은곳,2024-05-04,토요일
이진욱쨩,항상 친절하시고 음식도맛있네요,2024-04-21,일요일
민트쵸코75,디저트류가 좋았어요,2024-04-10,수요일
벚꽃나무77,가성비 짱 음식맛이 넘 좋아요,2024-03-30,토요일
미국주식왕,네번째 방문만에 창가자리에서 먹게 되어서 기쁨 그리고 카페라떼 맛집,2024-03-10,일요일
맛짱루피,분위기 좋아요,2024-02-25,일요일
juehhhhh,부모님 효도여행으로 방문 신라호텔 호캉스도 시켜드리고 뷔페도 먹었는데 만족해하시더라구요 다른 뷔페들보다 더 맛있다고 하셔서 뿌듯했습니다,2024-02-25,일요일
CTStory,240218토 너무 비쌈 애슐리 퀸즈가 짱인듯,2024-02-17,토요일
골드곰돌이,사람이 많아서 복잡하긴 하지만 맛있게 잘 먹었습니다,2024-02-10,토요일
예예예예예84,비싼만큼 서비스와 맛이 있어요 특별한날 부모님과 함께 오기 좋아요,2024-02-03,토요일
tlsdmswl0725,가족들이랑 저녁먹으러 갔다왔어요 음식들이 다 맛있고 매장도 깨끗했어요,2024-01-28,일요일
ㅎ나ㅎ,평일 브런치 다녀왔는데 금요일이라 그런지 사람 엄청 많네요 대게 쯔란양념등갈비 피칸파이 딸기 특히 맛있던 것 같습니다 좌석 간격이 좀 좁고 옆 좌석 이야기가 너무 잘 들리는 것은 좀 아쉬웠어요,2024-01-19,금요일
근현이,생각보다 음식이 종류가 적어서 속상해요,2024-01-18,목요일
까꿍쓰마미,가격대비 면 그냥 그랬음 대게로 뽕뽑으라는데 막상 넘 차가워서 쉽게 물림 다른것들도 하나씩 먹었는데 맛있다 정도 디카페인바닐라라떼 맛났음 아스크림 필수,2024-01-15,월요일
Reinyourheart,신라호텔이 호텔 뷔페 중 1등이라고 생각하는데 이번에도 그 생각이 공고해졌습니다 음식 퀄리티가 최상입니다 가짓수도 많구요 디저트의 퀄리티도 남다릅니다,2024-01-09,화요일
빙그레9489,특별한 날 가기 좋아요,2024-01-07,일요일
나라나57,너무 맛있고 분위기 좋습니다,2024-01-05,금요일
ERANGMAM,애기가 스테이크 너무 잘먹었어요 언제나 더파크뷰는 흠이없어요 친절함과 식사의 품질은 어느곳과 비교가되질않아요,2024-01-03,수요일
Jessica Park,몇번 갈때 마다 늘 테이블이 협소한게 가장 아쉽지만 22일 생일이라 디너로 갔는데 서비스도 메뉴도 대만족 입니다,2023-12-22,금요일
푸른소금8324,초밥이입에서녹아요,2023-12-17,일요일
zzombie87,신라호텔 파크뷰 부페 맛남캅 비싸긴 하지만 맛있게 잘 먹고 갑니다 음식이 너무 맛있어서 사진을 못 찍음 집에 가는 길에 로비 장식만 찍읍니다,2023-12-17,일요일
Sky KQ,너무맛있어요,2023-12-16,토요일
이린스타일,연말에 평일 디너를 어떻게든 다녀왔었습니다 사람이 많았지만 즐거웠고 구성이 알차서 좋았어요,2023-12-14,목요일
KSL1,분위기도 너무 좋고 음식 하나하나 다 만족해 하며 맛있게 먹고 왔습니다 샐러드 킹크랩 스시 모든 재료가 싱싱하고 맛있습니다 고기디저트러버 분들 여기 무조건 추천드립니다 만족한 저녁식사였습니다,2023-12-13,수요일
아침햇살미소,연말모임하기 좋아요 회랑 대게 디저트까지 푸짐해요,2023-12-07,목요일
this7686,진짜 진짜 맛나게 먹고 왓습니다 또 가고 싶네요 진짜 너무 좋앗습니다 친절함도 최고 엿음요,2023-12-03,일요일
헝겉,주차 타워에 대고 셔틀 혹은 걸어서 이동합니다 비용이 조금 세긴 하지만 디너 부페로 오시는거 추천하고 각자 소중한 사람들과 특별한 시간 보내기 좋습니다,2023-12-02,토요일
이진욱쨩,너무친절 음식도 너무맛있어욤 역시 신라호텔 체고,2023-11-19,일요일
소나기5954,음식이 맛있어요,2023-11-19,일요일
하쿠나마타타8510,친구들 모임으로 가서 맛있게 먹고 대접받고 왔네요 양갈비 맛있다고 하는데 전 양갈비도 좋았지만 스테이크 정말 맛있었습니다,2023-11-18,토요일
hay****,대게와 양갈비를 먹어야 한다고 하더라구요 전체적으로 맛있습니다 하지만 배가 불러 힘들어요,2023-11-12,일요일
히지123,비싼만큼 값어치 하는곳 다 맛있는데 디저트먹을 배는 꼭 남겨두세요,2023-11-12,일요일
이희로,부진 언니 잘 먹고 갑니다,2023-11-06,월요일
뚠키부인,전통의 신라 메뉴 하나하나 다 훌륭 양갈비와 안심 너무 연하고 테이블마다 나오는 스프도 맛있어요 베이커리류는 전반적으로 좀 단맛이 강함 12월부터 가격 인상해서 슬픔,2023-11-05,일요일
shf****,말해뭐하나요 맛있는게 너무 많아서 배가 부른 내가 싫을 정도예요,2023-11-05,일요일
yr0****,와이프 생일에 처음 가본 호텔 뷔페 최고였어요 아이를 위한 도화지와 색연필까지 감동이네요 재방문 의사 100입니다 대게랑 양갈비 안심스테이크는 사랑입니다 디저트 및 과일 모두 최고였어요,2023-11-04,토요일
정구연63,서울3대뷔페어서 점심 먹었는데 너무 맛있어요 중식 베이징덕 크림새우 등 최고,2023-11-04,토요일
나라나57,다음에 또갈거에요,2023-10-28,토요일
와구아궁,베스트 메뉴는 양갈비였습니당 안심스테이크 회 대게도 진짜 배터지게 먹었네요 그리고 딤섬류도 은근 별미에요 막판에 배불러서 디저트 많이 못먹은게 아쉽네요 신라 더파크뷰 최고,2023-10-26,목요일
SINCE2006,신라신라했어요,2023-10-22,일요일
냐냥865,메뉴 구성이 알차고 맛있어요 또가고 싶다,2023-10-22,일요일
낭이맘62,역시 신라 더 파크뷰입니다 특별한 메뉴도 메뉴지만 흔한 메뉴들도 참 정갈하고 맛있어요 특별한 날 맘 먹고 가서 맛있는 밥 먹고 왔어요 자주 가기에는 부담이지만 한번 다녀오고 나면 아주 행복합니다,2023-10-21,토요일
딩두딩듀,서비스카도 있고 주차장도 넓고 자리도 지정해줘서 좋음 계절음식으로 깔끔하게 되어있고 근사한 뷰 먹으면서 저녁먹기에 추천할곳 저녁에 가서 야경먹으면서 음식보자 서울의 중심지 신라호텔 재방문의사 너무있음,2023-10-19,목요일
쭈콩햇,마카롱 너무 맛나고 양고기 냄새 안나서 좋았어용,2023-10-19,목요일
zi****,가격은비싸지만 비싼값어치를하는곳 친절한응대와 서비스도 넘 만족,2023-10-15,일요일
lsh****,신선하고 질이 좋습니다,2023-10-09,월요일
Happy 깡총깡총,다양한 음식이 많았어요 맛있게 잘 먹었어요 휴일이라 사람이 많았어요,2023-10-07,토요일
또이또이이,오랫만에 디너왓어요 스파클링워터 무제한이였구용 전엔 안그랫던거같은데 북경오리가 참 맛잇엇어요,2023-09-21,목요일
엔유라,역시 신라호텔 분위기 좋은 곳에서 맛있는 음식 잘 먹고 왔습니다 멀리 보이는 남산타워와 함께 너무 좋은 분위기였어요,2023-09-14,목요일
asd123364,생일날 3대 호텔 신라호텔로 예약했습니다 재료는 다 신선한 편이였고 음식종류가 많은건 아니였어요 다만 있는 음식들이 다 맛있어요 배불러서 많이 못먹은게 후회되네요 디저트 케익은 정말 끝내주네요,2023-09-06,수요일
qjfvh1291,모임으로 갔는데 너무 재미있고 맛있었어요,2023-09-01,금요일
whi****,종류가 다양해요 스시맛있었고 고기류는 solo 디저트도 생각보다는 별루였어요,2023-08-30,수요일
gpwlsdl486,음식이 전체적으로 신선하고 너무너무 맛이좋았습니다 근데 디저트코너에 있는 오이라임주스는 맛이없어요 쿨라임모히토처럼 음식의 느끼함을 없애주는 음료라던지 소화에 도움될만한 매실 음료가 좋을듯해요,2023-08-06,일요일
설 화,굿 테이스팅,2023-08-06,일요일
또요미밍,진짜 파크뷰 최고 와 또가고싶다 돈벌어야하는 이유를 찾음,2023-07-31,월요일
asu****,음식이 정말 맛있어요,2023-07-27,목요일
ciao4,중식 메뉴 일식 메뉴 순으로 좋았어요 안쪽 2인석이었는데 조금 더 밝았으면 싶어요 커피가 맛있었습니다,2023-07-25,화요일
가영573,말해뭐해 행복하게 먹고 왔다,2023-07-18,화요일
qkd****,가족들이랑 너무 좋은 시간이였고 음식이 입맛에 딱이며 너무 맛있어요,2023-07-15,토요일
re2na,친절하고 맛있어요,2023-07-15,토요일
후기요정짠,언제가도 좋은 파크뷰,2023-07-09,일요일
개복치박프로,팔선 너무 맛있습니다,2023-07-06,목요일
moolcho,제일 좋아하는 뷔폐에요 가격이 오르고 더 만족도가 올라가네요 물론 가격이 비싸서 자주는 못가고 특별한날에만 갈수 있지만 맛 구성 시설 직원분들 친절 너무너무 만족하고 갑니다 한번 꼭 가보세요,2023-06-20,화요일
방귤이,비싸지만 돈이 아깝지 않았던 오마카세먹는 것보다 훨씬 나은 호텔뷔페찬양,2023-06-11,일요일
땡큐맘7,뷰도 멋지고 메뉴들도 하나하나 정성이 가득 담겨 있는 듯 담백하고 맛있었어요,2023-05-29,월요일
twinmommy,안심 LA갈비 양갈비 부드럽고 맛있었어요,2023-05-27,토요일
사악토리,1주년으로 다녀왔는데 완전 만족,2023-05-25,목요일
토토어뭉,생일기념으로 왔어요 기념일때 올만해요,2023-05-14,일요일
냠냠이v,비싸지만 한번은 가볼만 해요 역시 대한민국 1등 호텔,2023-05-12,금요일
duf****,기념일에 가기 좋고 저는 개인적으로 스테이크굽기가 딱 제가 좋아하는굽기라서 제일 맛있게먹었네요 창가앉으려면 미리 예약하는게 좋고 밤에는 잘 안보여서 창가는 낮에 추천합니다,2023-05-01,월요일
해달30,분위기도 좋고 맛있어요,2023-04-30,일요일
cok****,웰컴와인에 즐거운 저녁시간 보냈어요,2023-04-23,일요일
fre****,메뉴 알차요디저트도 맛있는데 배가 너무 불러서 대신 탄산음료는 따로 계산하셔야해요 주차는 아래에 하고 셔틀버스로 올라와서 불편한건 없었네요 특별한날 오기 좋겠어요,2023-04-12,수요일
중랑구리뷰의달인,친절하고 맛나용,2023-04-08,토요일
쫑이2472,아기 생일이라 가족들 룸예약해서 다녀왔는데 온라인 예약으로 성공했어요 음식도 맛있었고 서비스도 좋아 만족합니다,2023-04-07,금요일
여니73,간만에 가서 잘 먹고 왔어요,2023-03-25,토요일
celi,직원분들 친절하고 음식들 다 맛있어요 특히 샐러드 파트에서는 피조개 된장무침 샐러드 엄청 맛있었네요 디저트도 두말할거 없이 훌륭 최근 가격 인상되서 아쉽지만 워낙 물가가 요동치니 어쩔수 없죠,2023-03-24,금요일
조아조아핑,딸기 원 없이 먹고 왔어요 많이 먹자 했는데 막상 또 많이는 못 먹게 되더라구요 디저트류 많이 먹었어요,2023-03-19,일요일
rkg****,운좋게 뷰좋은 창가쪽에서 저녁식사했어요 음식이 하나같이 다 맛있어서 배불러오는게 너무 아까웠어요 특히 대게는 너무 맛있어서 몇 번을 먹었는지 모르겠네요왜 인기가 많은지 알겠어요,2023-03-04,토요일
cha****,장충동에있는 호텔뷰페식당입니다 모든구성 알차고 맛있고 직원모두친절해요,2023-03-04,토요일
yo****,생일전야 저녁에 방문했는데 분위기도 정말 고급지고음식도 모두 훌륭하고 간만에 자연스레 과식했네요 가격이 있는 만큼 특별한 날 가기에 딱인거 같아요,2023-03-02,목요일
Victorson,직원들은 친절하나 매장도 좁고 메뉴도 적은듯 동선도 불편함,2023-03-01,수요일
0swing0,우리나라 최고의 뷔페 치고는 요즘 상향평준화가 되어서 최고까진 아니지만 탑5안에 드는건 팩트 근데 당장다음주부터 18만원이라는데 그돈주고는 안올듯 난 지류상품권신공으로 12만원에 와서 맛나게먹긴함,2023-02-22,수요일
심똥이,친절 신선 존맛 그잡채,2023-02-20,월요일
야금야금냠,적당히 먹을만 합니다,2023-02-12,일요일
가장중요한건지금,분위기는 좋지만 가격대비 음식 구성이 그리 대단하진 않아요 몇번째 갓는데 좀 아쉽습니다 12월부터는 가격이 인상된다고 들엇는데 솔직히 인상된 가격에는 이용 안할거같아요 맛도 좀 아쉬웠어요,2023-02-11,토요일
Ruru43,디저트와 양갈비 맛집입니다 또갈게요,2023-02-11,토요일
코코바닝,좋은곳에서 좋은 서비스 받고 맛있게 먹고 갑니다 역시 서울 3대뷔페,2023-02-10,금요일
소금주에잉,서울3대뷔페라 하는 이유를 알겠음 친절하고 동선이 편하고 대접받는 느낌이 강하게 들었음 앞으로도 중요한 행사가 있다면 신라호텔 더파크뷰에서 하고 싶을 정도임,2023-02-10,금요일
나는다슬기50,창가자리에 앉아서 뷰가 넘 좋고 음식들이 다 맛있어서 넘 좋은 시간 보냈어요,2023-02-01,수요일
뿅글,직원분들 친절하시고 음식도 맛있어요,2023-01-28,토요일
플레이스MY,뭐라 할 말이 없음 다 맛있어요 평일 런치로 가면 줄도 안서고 바로 들어가서 좋네요 그리고 계산할때 와인 1병도 선물로 줬어요,2023-01-27,금요일
변함없이,친절하고 분위기 최고입니다 음식들도 맛있고 다녀본 뷔페중 제일 좋네요,2023-01-25,수요일
bonobono2309,친절함은 기본에 맛까지 정말 최고였습니당,2023-01-21,토요일
ljw159,너무 친절하시고 이번에가 유독 맛있었어요,2023-01-20,금요일
인천엔젤,대게랑 디저트가 맛있었습니다,2023-01-15,일요일
youjin727,사람이 너무 많았지만 맛있게 잘먹고왔어요,2023-01-15,일요일
냥냐냔냔냐,맛있어요어오 디너2부 8시 시작인데도 사람 엄청 많아서 북적이긴 합니다,2023-01-13,금요일
kaorinko,요리들이 맛있어요 주차장이 너무 멀고 내리막길이 위험했어요,2023-01-03,화요일
whateveriwant,메뉴도 다양하고 조금씩 변화되는게 좋아요 변함없는 맛과 친절한 서비스 국내호텔뷔페 원탑계임 좋은날에 가기 쵝오 단 예약이 너무빡심,2023-01-01,일요일
파페포퐁,즐겁고 행복한 연말식사였습니다,2022-12-31,토요일
chyoi,연말에 남자친구와 분위기 있게 좋은 시간 보내고 갑니다,2022-12-28,수요일
루루1111,연말송년모임으로 다녀왔는데 얼마못먹어서 아쉽지만 친절해서조았어요 수프와 스테이크 쌀국수 맛납니다,2022-12-17,토요일
내네임,가격대비해서는 실망,2022-12-09,금요일
정글레오,사람이 너무 많아서 줄서다가 음식이 식어요,2022-12-04,일요일
Go슴도치,창가 자리 뷰가 참 예쁘고 음식도 맛있었음 내 위가 작은거 빼곤 다 만족,2022-11-22,화요일
겔럭시57,맛있게 잘먹었습니다,2022-11-18,금요일
myselee,호텔 뷔페 중 최고,2022-11-11,금요일
kbh22,맛있게 잘먹었어요,2022-11-09,수요일
ouoq,맛있고 친절하셔요 역시 호텔신라,2022-11-05,토요일
ililllii,지난번에 주말 브런치로 갔는데 이번에는 평일 1부로 갔더니 사람도 덜 붐비고 조용하니 좋네요 여기는 카페라떼 맛집입니다 꼭 마셔 보세용,2022-11-04,금요일
아띠2861,디저트가 정말 훌륭하고 과일당도도 뛰어나요 음식은 최곤데 접시가 너무너무 무거워요,2022-11-03,목요일
토끼4391,안심스테이크 정말 부드러워요,2022-10-29,토요일
크롱9320,친절하시고 무엇보다 퀄리티가 좋아요,2022-10-15,토요일
사랑이17,음식이 맛있어요,2022-10-15,토요일
돈쓰는게제일좋앙,비싸고 맛있고 줄서고 비싸다,2022-10-14,금요일
미미3358,분위기도 괜찮고 서비스도 매우 좋아요 음식도 다 괜찮은 편이에요 화장실이 너무 작은 게 흠이에요,2022-10-14,금요일
디기디기디기갱갱,가격은 있지만 특별한 날 가기 좋아요 개인적으로 해산물보다는 디저트육류 순으로 맛있었습니다,2022-10-10,월요일
갬갱,매장 안에 화장실이 2개밖에 없어서 좀 오래 기다림 직원들은 친절했으나 사람이 많음,2022-10-10,월요일
SUNMI 1213,모임언니 생일이여서 호텔신라 더파크뷰에서 깔끔하고 다양한요리로 배가 호강하네요저는 해산물을 좋아해서 해산물위주로 떠왔는데 다양한 요리종류가 훨씬많아요디저트종류도 다양하구요요즘에 먹은 호텔뷔페중에 최고아직까지는,2022-10-08,토요일
뚱한고양이,말이 필요 없음,2022-10-08,토요일
으니으지,사람 너무 많아요 생일이라간건데 그냥 결혼식장뷔페같네요 음식은 맛있어요,2022-10-07,금요일
크로와상19,태어나서 첨 가보는 신라호텔 추억가득 사랑가득 비싸구 맛나구 근데 입이 짧아서 많이 먹지못해 아쉬웠던 식사,2022-09-25,일요일
sj5****,양갈비가 제일 맛있어요 La갈비 맛있었는데 없어져서 아쉬워요 주말에 1부는 시간이 촉박해요 2시간이라서 대화 나누면서 충분히 먹기에는 부족하고 30분 정도 더 있으면 좋겠어요,2022-09-18,일요일
히히히히히6,진짜 맛있었고 기념일로 가기도 좋아요,2022-09-17,토요일
sym****,예전에 비해 가지수가 준것 같지만 여전히 맛있습니다 근데 사람이 정말 많네요,2022-09-17,토요일
안녕해용잉,더파크뷰 말이 필요 없습니다,2022-09-11,일요일
김맥주,중식류가 유명한걸 뒤늦게 알아서 아쉬웠던 파크뷰 서비스가 친절하고 육류가 다양합니다,2022-09-08,목요일
돈달돈달,서울 호텔 뷔페중엔 파크뷰가 최고인듯 육류 특히 스테이크가 맛있어요,2022-08-20,토요일
어른아이83,음식 맛있고 좋아요 서비스도 좋구요,2022-08-18,목요일
이뀬,대게부터 양갈비 베이징덕 전부 맛있네요,2022-08-12,금요일
엠제이4,여기 갈 때마다 느끼지만 음식이 너무 많고 맛있어서 위가 더 넓었으면 좋겠단 생각해요,2022-08-07,일요일
아하맘,친절하고 세심하게 신경써주셔 즐거운 식사시간였습니다,2022-08-06,토요일
슈크림양,특별한 날이라 큰맘먹고 갔는데 너무 만족스러운 식사였어요 친절하셨고 맛있는 것도 많이 먹고 부모님도 모시고 오고싶단 생각이 나더라고요 기회가 되면 다른 가족들과 함께하고 싶네요,2022-08-02,화요일
유아쏘뷰티풀,스테이크는 오늘은 맛있어요 파크뷰는 대게맛집 가격이 올라서 솔직히 155만원 대비 가성비는 이젠 별로인것 같아요 발렛할 경우에만 주차편해요 비오는 오늘같은경우 발렛안했음,2022-07-31,일요일
크래드,조용하게 모임하기엔 역시 너무 시끄럽고요 맛있는 음식을 다양하게 먹기 좋았어요,2022-07-30,토요일
andyet83,가격은계속오르고많이비싸진듯요 여기오면 돈 많이벌어또와야지 생각듭니다 잘먹었습니다,2022-07-25,월요일
소소한영수증,직원분들 친절하고 음식 깔끔하고 좋아요,2022-07-25,월요일
Lavenda,진짜 너무너무 맛있어서 여행 온 기분 양갈비 쯔란등갈비 해삼쥬스 유산슬 시금치딤섬 대박 맛있어요,2022-07-24,일요일
닭발27,호텔뷔페는 가격이,2022-07-16,토요일
ehg****,특별한 기념일날 가기 좋아요,2022-07-14,목요일
후와아압,종류 굉장히 다양하고 이름이 낯선 음식들도 많아요 한번쯤 방문할만 하지만 가격대비는 모르겠어요 사람이 많아서 정신 없는게 아쉬웠네요,2022-07-14,목요일
행복하자6558,너무 열심히 먹느라 음식사진 찍는 건 잊고 있었네요 고기 종류 요리가 맛있어요 스테이크 훌륭 대게는 매번 차가워서 안먹게 되네요 비싸지만 디저트만 제대로 먹어도 아깝지 않아요 예약이 쉽지 않다는게 단점입니다,2022-07-09,토요일
bingreiwish,항상 만족스러운 식사하고 가요,2022-07-09,토요일
TechnoMBA,신라호텔 뷔페식당 더파크뷰입니다 남산자락에 위치한 호텔뷔페 정말 맛있고 직원들이 너무친절하답니다,2022-07-01,금요일
차두임,비싸지만 맛나요,2022-06-27,월요일
캠퍼필즈,음식이 다양하고 전반적으로 다 맛있어요 무엇보다 다들 친절하고 서비스가 너무 좋아요,2022-06-18,토요일
soonicopi,엄마랑 디너로 다녀왔어요 맛있게 먹고 옵니다,2022-06-12,일요일
지융50,두번째 방문 여전히 맛있고 사람은 많아요,2022-06-11,토요일
앙크미06,메뉴가 훌륭 합니다,2022-06-11,토요일
개구쟁이61,샐러드 너무 맛있어요,2022-06-11,토요일
Seoah,생일이라서 특별하게 식사할려고 왔어요 너무너무 좋았습니다,2022-06-08,수요일
깨뿌리,소소하게 한끼 하기 좋네요,2022-06-06,월요일
포뇨엄망,맛잇구 친절해요,2022-06-05,일요일
오예3337,넘 맛있어요 기념일에 꼭 강추,2022-06-03,금요일
오예3337,서비스가 너무 좋아요 굿굿,2022-06-03,금요일
ilillilil,비싼만큼 굿굿 양갈비,2022-06-01,수요일
김자몽53,맛있어요 한식 레스토랑이 따로 있어서 그런지 한식라인은 아예 없어서 좀 아쉬웠지만 종종 가볼만합니다아,2022-05-24,화요일
유 니,더파크뷰 오랜만 너무 친절하시고 음식도 다 맛있음 두시간 너무 짧다,2022-05-22,일요일
앙마4418,파크뷰는 개인적으로 서울보다 제주를 훨씬 좋아하는 데 서울도 음식이 꽤 괜찮아졌네요 그래도 여전히 일식섹션은 아쉽습니다,2022-05-22,일요일
인헌동당그니,마시써용 근데 제주보단 덜한듯 제주는 전복도 있는뎅 저의 최애메뉴는 해삼주스 스시 치즈 초코 따끈한 디저트이름 모름 그 외의 중식도 훌륭하고 워낙 유명하지용 파스타도 맛있어요,2022-05-20,금요일
로아3315,괜찮아요 중식류가 맛있었어요,2022-05-09,월요일
자유부인50,전체적으로 고급스럽고 대접 받는 느낌을 주는 곳입니다 특별한 메뉴가 있어 좋았어요,2022-05-07,토요일
룰루라랄라54,주차장 헤매느라 조금 늦게도착했지만 대게랑 고기랑 디저트 다 맛있게먹었어요,2022-05-02,월요일
러브홍이,대게가 다른 호텔 뷔페들 보다 크고 살이 많고 맛있었어요 음식이 다 맛있었어요 만족해요,2022-04-30,토요일
kjy8317,음식이 전체적으로 맛있고 좋아요,2022-04-28,목요일
세런디피티81,맛집 총집합 부페,2022-04-25,월요일
Dneaksn,존맛탱 전문점을 모아놓은 곳,2022-04-24,일요일
blu****,모든메뉴가 다맛있네요,2022-04-23,토요일
rosy25,진짜 맛있어요,2022-04-22,금요일
84sik,역시삼대뷔페입니다 친절하고맛있고 행복했습니다,2022-04-18,월요일
yhhyunn,양고기랑 대게가 특히 맛있어요 한 번쯤 가볼만한 곳입니다,2022-04-16,토요일
로뎅45,기념일에 식사하기 좋네요,2022-04-11,월요일
쫑이2472,가격은 올랐지만 맛있고 친절했습니다 평일 점심에 가니 디너와 주말에 비해 사람이 붐비지않아서 좋았어요,2022-04-04,월요일
준팔이맘,직원분들이 친절하고 음식도 대체적으로 맛있었어요 오렌지쥬스가 넘나 맛있어서 6잔이나 마셨다지요,2022-04-02,토요일
밍주임니다,선물받아서 갓어요 맛잇네요,2022-04-02,토요일
remember,음식 구성 무난하고 항상 친절한 곳,2022-03-31,목요일
blingbling97,뷔페 중 제일 좋아해요,2022-03-25,금요일
뙈쥐,그냥 먹을만 했어요,2022-03-24,목요일
별명없숴,비싸지만 맛있고 직원분들이 너무친절해서 잘 먹고 왔습니다,2022-03-20,일요일
쭈박,음식맛있네요,2022-03-17,목요일
져니쨘,식사권 있어서 갔어요 너무 비싸서 제 돈 주고 먹기 아깝지만 특별한 날 가기 좋아요,2022-03-09,수요일
블랙땅콩,최고입니다 음식 정말 맛있어요 친절해서 좋아요,2022-03-05,토요일
Sean Kim,분위기 좋고 맛있어요,2022-03-05,토요일
soo****,너무 맛있어요부담스럽지 않은 친절함,2022-03-05,토요일
mcm323,안심스테이크 굿굿,2022-02-26,토요일
지뇨지,직원분들도 친절하시고 음식 종류도 괜찮았어요 창가자리로 예약 부탁드렸는데 뷰좋은 창가자리로 주셨어요 창가자리 앉고싶은 분들은 한달전에 예약하세요 수요일 1부 이용함,2022-02-23,수요일
2su****,좋아요 주차힘들어요,2022-02-16,수요일
꼰쥬맘62,스테이크 양갈비가 조금 더 따스했으면 하는 마음으로 아쉬웠지만 메뉴들 좋았구요넘넘 맛있게 먹었네요,2022-02-10,목요일
ERANGMAM,특별한날 방문하기 너무 좋아요 음식도 항상 신선하고 맛있고 무엇보다 직원들 너무 친절해요 임신해서 접시드는것도 도와주신다하시고작은배려가 돋보이는곳입니다 감사합니다,2022-02-05,토요일
뿅뿅뿅4377,맛있게 잘 먹고 왔어요,2022-02-02,수요일
eun****,양갈비나 고기가 좀 식어서 아쉬웠지만 대체적으로 음식 다 깔끔하고 맛있었어요 친절한건 당연했고 기분 좋은 저녁식사 였습니다,2022-01-31,월요일
밥하기싫은주부,선물받은 걸로 갔는데 먹을게 많아서 좋았어요 가격은 세지만 특별한날 가기 좋은것 같아요,2022-01-28,금요일
Lena337,분위기 좋고 음식들도 전반적으로 깔끔하고 괜찮은 편 특히 스노우 크랩 근데 디저트는 별로네요 케이크가 너무 달아요,2022-01-24,월요일
yoo****,신라호텔 더 파크뷰 오랫만에 저녁 2부 타임 맛잇게 먹엇습니당 후식인 딸기파인애플오렌지등 엄청 맛잇게 먹엇네요,2022-01-23,일요일
구구구구구꾸꾸구구,가족들이랑 좋은 시간 보내고 갑니다,2022-01-21,금요일
빈티지앵_Vintageann,신라호텔 파크뷰는 역시 대게맛집 물론 회도 신선했고 이징덕 탕수육 볶음밥도 맛있슴 음식 다양 역시 국내 최고 뷔페레스토랑 주말런치 2부 2시 오픈 4시 클로즈 2인 258000,2022-01-16,일요일
spo****,접객이 좋아요,2022-01-13,목요일
jinhee8640,나박김치랑 마카롱 스테이크 맛있었어요,2022-01-12,수요일
나라올라4310,정말 굿입니다,2022-01-09,일요일
하자하자4,맛있어요 좀 비싸네요,2022-01-08,토요일
minm,너무 맛있어요,2021-12-25,토요일
Marianne98,대게 원없이 먹고 왔어요,2021-12-11,토요일
와그러세요,영수증 멋있네요 대표자명 이부진 멋있네요 대한민국 최고 뷔페 신라호텔 더파크뷰,2021-12-06,월요일
튤립101,기념일에 기분전환하기 좋아요,2021-12-04,토요일
야옹이56,가족들과 좋은 시간 보내고 가요,2021-12-01,수요일
fpa****,음식이 하나하나 다 맛있어요 회도 엄청 부드럽고 직원분들도 다 너무 친절하세요,2021-11-29,월요일
jih****,맛의 컬리티가 달라요 강추,2021-11-17,수요일
마님5171,가본 부페 중 최고였어요,2021-10-16,토요일
be****,굿굿 명불허전,2021-10-15,금요일
탱탱이2348,양갈비등심대게 언제나 맛있어요,2021-10-15,금요일
키키키2222,맛이며 분위기 굿굿,2021-10-12,화요일
콩806,처음 전화예약때부터 친절한 직원분의 목소리에 기분좋았습니다 예약후 방문했을때도 맛은 당연히 기본이고 깔끔하고 맛있어요 모든 직원분들이 친절해서 식사후 집에올때까지도 기분 좋았습니다 서비스가 최고네요,2021-10-12,화요일
Theanswer2,서비스도 좋고 맛있었어요,2021-10-10,일요일
광광우럭따71,또가고싶어요 디저트맛집,2021-10-10,일요일
철쟁이17,일단 라센느와비교해 먹을게 없음 먹을것두 없는데 컵에서 물비린내가 나서 3번이나 바꿔달라해도 계속 났음 아리아나 라센느 가세요,2021-10-09,토요일
안녕4596,얼음잔도 티스푼도 다 자리에서 요청해야해서 번거로웠던것 같고 음식 맛은 쏘쏘,2021-10-07,목요일
윤슬301,한번씩가기 괜찮은거 같아요,2021-09-26,일요일
Azure29,여기가 호텔 뷔페중에선 젤 맛있네요,2021-09-25,토요일
리지언,말해뭐합니까 파크뷰최고죠 근데 여긴 사람이 코로나 이후 더 많아진거 같아요,2021-09-23,목요일
밤비5461,음식은 맛있고 친절한데 주차는 별로에요,2021-09-19,일요일
BARBIE,직원분들 전부 친절하시고 메뉴도 엄청 다양해서 종류별로 조금씩만 먹었는데도 배불렀어요 거리두기는 안되는거같아요 테이블간 간격이 좁아요 실물카드 아니면 발렛도 안되서 불편하구요,2021-09-11,토요일
지융50,가족들과 방문했어요 특별한날 좋은 사람들과 함께,2021-09-11,토요일
서니848,뷰가 멋져요,2021-08-27,금요일
나나1061,맛있고 친절합니다,2021-08-16,월요일
bluesky19,위치나 뷰는 좋으네요 음식은 기대보단 종류도 좀 작고 대게도 속살이 좀 부드럽지 않고 유명하다는 안심도 그닥 한식도 종류 많지 않아요 디저트는 최근에 간 호텔중 손에 꼽히게 좋아요 아이스커피가 제공되지 않아 아쉬웠구요,2021-08-10,화요일
pp40536,마카롱 진짜맛있어요,2021-08-10,화요일
시에나맘,직원분들도 너무 친절하시고 음식도 맛있었어요 특히 추천에 많은 안심스테이크 너무 부드럽고 맛있었어요,2021-07-03,토요일
치노21,명불허전 자리에서 일어나기가 너무 아쉽고 이 정도 밖에 못 집어넣는 내가 싫고 너무 맛있고 분위기 너무 좋아요 기념일에 이만한 곳이 없습니다,2021-06-27,일요일
슈이2416,오랜만에 기분전환도 할겸 멋진곳에 다녀왔어요 서비스도 좋고 여러가지 음식도 다 맛 있었어요 생각보다 사람이 많네요 가끔 호텔뷔페는가볼만한것 같아요,2021-06-22,화요일
kim****,주차료 비싸요,2021-06-20,일요일
kw****,다양한 음식 대게스테이크디저틀류초밥 등 맛나네요 분위기 좋습니다,2021-06-19,토요일
이뫄14,전반적으로 음식이 전부 맛있었고 직원분들도 친절했어요 전 회는 쏘쏘했어요,2021-06-18,금요일
Double HHH,생일이라 방문했는데 음식이 다 맛있네요 특히 베이커리 디저트는 정말 맛있어요,2021-06-13,일요일
지금여기에서신나게,좋아하는 곳,2021-05-30,일요일
호잇짜49,직원분들 넘 친절하구 맛있는식사였습니다,2021-05-28,금요일
milky7481,잘먹고갑니다,2021-05-28,금요일
rjh2415,너무 좋았습니다,2021-05-28,금요일
꿀짱다롱,너무 맛있게 잘 먹었습니다 직원분들도 너무 친절하시고 덕분에 즐거운 생일을 보냈습니다,2021-05-22,토요일
잉스89,직원들이 친절해서 좋은 인상을 받았습니다 음식은 전반적으로 호불호없이 깔끔 신선한 느낌,2021-05-22,토요일
hoxymola,한번쯤 분위기내러 가보는건 좋을거같지만 그이상은 비추 그래도 직원들모두친절하고 기분좋은 방문이었어요,2021-05-19,수요일
재8926,어버이날에 잘 이용했습니다 다만 이 가격에 음료수를 별도로 받는건 심지어 비쌈 그리고 접시 너무 무거워요,2021-05-08,토요일
펭순남편,여기서는 누구나 쯔양이 될 수 있어용,2021-05-05,수요일
페페로니마시써,홍차랑 케익 너무 맛있어여,2021-05-01,토요일
pheej,서비스가 정말 좋았습니다 음식맛도 정말 좋았습니다,2021-04-30,금요일
장금이49,탕수육만 빼구 모든음식 다 너무맛있구 친절하시구 역쉬 파크뷰,2021-04-17,토요일
Amist,음식맛도 서비스도 굿굿 가격은 호텔이니 무시하고 창측은 뷰는 좋으나 저녁되니 춥다 가격빼고 다 만족스런 곳,2021-04-15,목요일
sinabro90,최고이요 서비스,2021-04-11,일요일
human90,음식 퀄리티는 좋으나 손이 가는 음식은 딱히,2021-03-28,일요일
eg****,음식 온도가 대체적으로 안맞음 식어 있는 느낌 매운 메뉴가 있으면 좋겠다,2021-03-28,일요일
워너비10,언제 가도 기분좋은 곳 맛도 서비스도,2021-03-27,토요일
천사소녀57,뭐묻따말 직원분들 늘 친절하고 모든 음식이 재료에 충실한 건강한 맛 맛있습니다 기분이 좋아지는 파크뷰입니다,2021-03-03,수요일
chris1225,맛있음 다만 여기가 몇대뷔페라고 불릴만한가는 애매하다 고기는 확실히 좋음 비슷한급에서도 상위권 하지만 나머지는 평범함,2021-03-02,화요일
track920,접시만 좀더 빨리치워준다면 좋겠다,2021-03-01,월요일
teruaki,오늘은 맛있는게 별로 없었네요,2021-02-28,일요일
katie81,디저트 맛있어요,2021-02-27,토요일
빽4,짱맛다맛나요서비스 끝판왕직원분들 어쩜 그렇게 친절한거죠잘먹고 왔습니다,2021-02-21,일요일
탱시리,직원분들도 너무 친절하고 맛있어용,2021-02-21,일요일
쏭양78,역시 부페1등,2021-02-18,목요일
나디50,갈때마다 만족스럽지만 사람이 많을 때는 피해야겠어요,2021-02-18,목요일
vivianna56,맛있어요 친절해요,2021-02-11,목요일
Luna99,친절하고 음식은 맛있었어요,2021-02-05,금요일
Olivia_L,롯데호텔서울 라세느 대비 아쉬운점이 많았습니다 음식 가짓수도 적고 초밥이나 회에서는 비린내가 나는 것들도 있었구요 반면에 디저트는 아주 만족스러웠습니다,2021-01-26,화요일
느티나무2736,직원분들 너무너무친절하세요 직원분들때문에 다시방문할듯합니다,2021-01-22,금요일
안뇽7863,특별한 음식은 없지만 재료들이 신선하고 기본적인 메뉴들로 이루어져있어 부담없이 가기 좋은 곳 가성비 굿,2021-01-17,일요일
emilee,역시 신라호텔 최고네요 고객 응대도 좋았고 음식맛도 훌륭했습니다,2021-01-17,일요일
땡글7291,좋아요 케익종류 맛 좋네요,2021-01-16,토요일
shi****,맛과 친절 모두 굿입니다,2021-01-14,목요일
남미진,종류는 보통인데 재료의 퀄리티가 좋아요,2021-01-10,일요일
우니사랑13,잘쉬다갑니다,2020-12-27,일요일
yun55,서울신라호텔발렛,2020-12-24,목요일
jin****,발렛 이용 했는데편해요 애 있는집 강추,2020-12-03,목요일
김혜진7366,명불허전 신라호텔 더파크뷰,2020-12-02,수요일
스티치991,잘 다녀왔습니다,2020-11-30,월요일
나이스가이43,정말 맛있었어요,2020-11-25,수요일
yhl****,언제가도 서비스는 만족이요,2020-11-22,일요일
봄날의고양이,한 때 일년에 여러번 방문했던 곳이에요 근데 매번 음식이 비슷해서 일년에 한번 갔다가 좀 질려서 몇 년 동안 안 갔다가 다시 방문했는데 여전히 메뉴는 비슷하네요 근데 언제나 그렇듯 서비스는 최고입니다,2020-11-22,일요일
sinpoet,과일류가 조금 아쉬웠지만 전반적으로 맛있게 잘 먹었습니다 만족도로 생각한가면 같은가격에 단품메뉴를 먹는게 더 나을거 같다는 생각도 들어요,2020-11-20,금요일
투투썸,디너에 서빙되는 스프 존맛탱,2020-11-20,금요일
Benesz,맛있어요 히히,2020-11-14,토요일
Maryn CEO,왜 비싼지 알겠어요 진짜 맛있음,2020-11-08,일요일
Jinnerpeace,말이 필요없죠 모든 음식이 감탄스러웠어요 짜장면 최고 하지만크로와상은 실망내 단골 웰브라운 맛을 이길 순 없었어요 평택 웰브라운이 짱,2020-11-07,토요일
루스67,친절하고 음식상태 모두 좋았어요 줄서서 먹는다고들 했는데 그렇게 붐비는 것도 아니고 편안하게 식사했네요,2020-11-01,일요일
doga112,음식이 맛은 좋은데 고기같은 따뜻한 음식이 좀 식었어요 친절합니다,2020-10-26,월요일
예부니,맛있어요 또 가고싶네요,2020-10-21,수요일
무늬91,샐러드 좋아하는데 종류가 굉장히 다양해서 좋았어요 회도 맛있고 과일도 맛있네요,2020-10-18,일요일
undergrounder09,너무맛있고 좋았습니다 공사를 해서 좀 어수선 하긴 했지만 친절하고 좋네요,2020-10-16,금요일
ectyui,언제와도 꿀맛 보장 단품도 맛나요,2020-10-11,일요일
KP41,언제가도 친절하시고 분위기도 좋아요,2020-09-11,금요일
오호라앗,내돈주곤 안갈듯,2020-08-14,금요일
csicsi,역시 국내최고의 뷔페네요 직원들도 엄청 친절하시고 접시도 빨리빨리 치워주시고 무엇보다 음식이 맛있네요 비싸도 다시 가볼만한 곳입니다,2020-08-08,토요일
모지모모,아무리 와도 내 최애는 여전히 라세느,2020-07-28,화요일
빠리쑤,가짓수 많고 괜찮아요 음식보다는 디저트가 진짜 맛있음 메론도 맛있고요 어르신들이 좋아하심,2020-07-24,금요일
mon****,분위기도 좋고 맛나요,2020-07-16,목요일
귤룐,대체로 맛있어요 특히 한식중식류 생선요리는 비린내가 좀 나요,2020-07-13,월요일
tttt,두말하면 잔소리 5성급은 다르죠,2020-07-05,일요일
용꺼,국내에서 유일하게 인정하는 호텔뷔페,2020-07-03,금요일
애플망고1004,결혼기념일 식사하러 다녀왔어요 여긴 수박 체리조카도 진짜 최상품 이네요 과일도 하나같이 모두 맛있어요,2020-06-23,화요일
charlottecha,다양한 메뉴와 즉석주문요리가 정말 많습니다 조식으로 이정도 구성하는곳은 많지 않은데 항상 만족스러워요 다만 호텔에 게스트가 많다보니 당연히 레스토랑도 좀 붐비는점이 아쉽습니다 정신이 없어서 얼른 먹고 일어나야할때가 많아요,2020-06-18,목요일
noeulll,디너만 자주 가다가 브런치 오랜만에 갓는데 예전만 못하지만 괜찮네요,2020-06-17,수요일
noeulll,정말 완벽한 서비스입니다 근데 맛이 예전만 못하네요 그래도 만족합니다,2020-05-27,수요일
유효정80,음식들이 너무 맛있어용,2020-05-10,일요일
코키콕,모임시 방문하기 좋아요,2020-04-18,토요일
리뷰리뷰리,역시 조식 맛집 엄마 입맛에도 괜찮으셨나봐요,2020-03-14,토요일
짱이5282,항상 가서 배부르게 잘 먹고와요 분위기도 좋고 만족스러워요 다양한 음식들이 있어서 재방문 의사 100,2020-03-03,화요일
llIIlllllllIl,최고였습니다,2020-02-22,토요일
ash****,게살스프 정말 맛있었어요 분위기도 좋고 다만 가격대비 음식은 약간 비싸다 싶음,2020-02-09,일요일
치요맘,늘 그렇듯 맛있고 즐거워요 로비도 너무 분위기 있습니다,2019-12-08,일요일
inee3004,가격대비 별로 임,2019-11-21,목요일
baesa97,재료가 신선하고 서비스가 좋았어요,2019-11-21,목요일
Tim89,오붓한 시간을 보냈습니다 분위기와 편의 제공 등 모든 것이 만족스러웠습니다 다음 기회에 다시 방문하겠습니다 감사합니다,2019-11-19,화요일
달콤한공기,예약석이라 그런지 자리도 너무 좋고 음식도 맛있었어요,2019-11-19,화요일
핵심이,맛있는 것도 너무 많고 서비스도 친절했어요 메뉴 종류가 많아서 입맛 까다로우신 부모님 모시고 가기에도 참 좋은 것 같아요 한달 전에 예약했더니 창가쪽 뷰좋은 자리로 주셔서 만족했습니다 감사합니다,2019-11-11,월요일
뿌뿌닷,최고의 서비스,2019-11-07,목요일
